"scientificName","minBodyLengthMM","maxBodyLengthMM","meanBodyLengthMM","wingType","identificationReferences","sizeRef","wingRef","diapause","taxonRank","kingdom","phylum","class","order","family","subfamily","tribe","subtribe","genus","subgenus","specificEpithet","infraspecificEpithet"
"Bembidion mimus",2.3,3.5,,,"Lindroth 1969","Lindroth 1969",,"hibernate as adult","species","Animalia","Arthropoda","Insecta","Coleoptera","Carabidae","Trechinae","Bembidiini",,"Bembidion","Furcacampa","mimus",""
"Acupalpus nanellus",2.5,3,,"dimorphic; some subapterous and some with flight","Lindroth 1969","Lindroth 1969","Lindroth 1969",,"species","Animalia","Arthropoda","Insecta","Coleoptera","Carabidae","Harpalinae","Harpalini",,"Acupalpus","Acupalpus","nanellus",""
"Acupalpus testaceus",2.5,3,,,"Lindroth 1969","Lindroth 1969",,,"species","Animalia","Arthropoda","Insecta","Coleoptera","Carabidae","Harpalinae","Harpalini",,"Acupalpus","Tachistodes","testaceus",""
"Acupalpus canadensis",2.6,3,,,"Lindroth 1969","Lindroth 1969",,,"species","Animalia","Arthropoda","Insecta","Coleoptera","Carabidae","Harpalinae","Harpalini",,"Acupalpus","Acupalpus","canadensis",""
"Bembidion muscicola",2.6,3.2,,"wings either full or reduced into a tiny scale","Lindroth 1969","Lindroth 1969","Lindroth 1969",,"species","Animalia","Arthropoda","Insecta","Coleoptera","Carabidae","Trechinae","Bembidiini",,"Bembidion","Semicampa","muscicola",""
"Bembidion mutatum",2.7,3.5,,"variable; usually full, sometimes reduced","Lindroth 1969","Lindroth 1969","Lindroth 1969","hibernate as adult","species","Animalia","Arthropoda","Insecta","Coleoptera","Carabidae","Trechinae","Bembidiini",,"Bembidion","Bembidion","mutatum",""
"Bembidion pedicellatum",2.7,3.4,,,"Lindroth 1969",,,,"species","Animalia","Arthropoda","Insecta","Coleoptera","Carabidae","Trechinae","Bembidiini",,"Bembidion","Bembidion","pedicellatum",""
"Bembidion praticola",2.8,3.5,,"brachypterous","Bousquet and Webster 2006","Lindroth 1969","Lindroth 1969",,"species","Animalia","Arthropoda","Insecta","Coleoptera","Carabidae","Trechinae","Bembidiini",,"Bembidion","Semicampa","praticola",""
"Bembidion quadrimaculatum oppositum",2.8,3.7,,,"Lindroth 1969","Lindroth 1969",,,"subspecies","Animalia","Arthropoda","Insecta","Coleoptera","Carabidae","Trechinae","Bembidiini",,"Bembidion","Bembidion","quadrimaculatum","oppositum"
"Bradycellus tantillus",2.8,3.1,,,"Lindroth 1969","Lindroth 1969",,,"species","Animalia","Arthropoda","Insecta","Coleoptera","Carabidae","Harpalinae","Harpalini",,"Bradycellus","Stenocellus","tantillus",""
"Bembidion affine",2.9,3.5,,,"Lindroth 1969","Lindroth 1969",,,"species","Animalia","Arthropoda","Insecta","Coleoptera","Carabidae","Trechinae","Bembidiini",,"Bembidion","Furcacampa","affine",""
"Bembidion fortestriatum",2.9,3.6,,"taken at a light trap","Lindroth 1969","Lindroth 1969","Lindroth 1969","hibernate as adult","species","Animalia","Arthropoda","Insecta","Coleoptera","Carabidae","Trechinae","Bembidiini",,"Bembidion","Trepanedoris","fortestriatum",""
"Bembidion praecinctum",2.9,3.3,,"variable; canadian forms macropterous, american forms reduced wings","Lindroth 1969","Lindroth 1969","Lindroth 1969",,"species","Animalia","Arthropoda","Insecta","Coleoptera","Carabidae","Trechinae","Bembidiini",,"Bembidion","Bembidion","praecinctum",""
"Acupalpus indistinctus",3,3.8,,,"Lindroth 1969","Lindroth 1969",,,"species","Animalia","Arthropoda","Insecta","Coleoptera","Carabidae","Harpalinae","Harpalini",,"Acupalpus","Tachistodes","indistinctus",""
"Acupalpus partiarius",3,4,,,"Lindroth 1969","Lindroth 1969",,,"species","Animalia","Arthropoda","Insecta","Coleoptera","Carabidae","Harpalinae","Harpalini",,"Acupalpus","Tachistodes","partiarius",""
"Axinopalpus biplagiatus",3,3.5,,,"Lindroth 1969",,,,"species","Animalia","Arthropoda","Insecta","Coleoptera","Carabidae","Harpalinae","Lebiini",,"Axinopalpus","","biplagiatus",""
"Bradycellus nigriceps",3,3.8,,"macropterous","Lindroth 1969","Lindroth 1969","Lindroth 1969",,"species","Animalia","Arthropoda","Insecta","Coleoptera","Carabidae","Harpalinae","Harpalini",,"Bradycellus","Stenocellus","nigriceps",""
"Bembidion pseudocautum",3.2,3.7,,,"Lindroth 1969",,,,"species","Animalia","Arthropoda","Insecta","Coleoptera","Carabidae","Trechinae","Bembidiini",,"Bembidion","Trepanedoris","pseudocautum",""
"Bembidion canadianum",3.4,3.6,,"variable; either reduced or macropterous","Lindroth 1969","Lindroth 1969","Lindroth 1969",,"species","Animalia","Arthropoda","Insecta","Coleoptera","Carabidae","Trechinae","Bembidiini",,"Bembidion","Trepanedoris","canadianum",""
"Bembidion obtusangulum",3.8,5.3,,,"Lindroth 1969","Lindroth 1969",,"hibernate as adult","species","Animalia","Arthropoda","Insecta","Coleoptera","Carabidae","Trechinae","Bembidiini",,"Bembidion","Notaphus","obtusangulum",""
"Bembidion rapidum",3.8,4.4,,,"Lindroth 1969","Lindroth 1969",,,"species","Animalia","Arthropoda","Insecta","Coleoptera","Carabidae","Trechinae","Bembidiini",,"Bembidion","Notaphus","rapidum",""
"Bradycellus harpalinus",3.8,4.2,,"most macropterous; occasional subapterous","Lindroth 1969","Lindroth 1969","Lindroth 1969","hibernate as larva in europe","species","Animalia","Arthropoda","Insecta","Coleoptera","Carabidae","Harpalinae","Harpalini",,"Bradycellus","Bradycellus","harpalinus",""
"Amara musculis",3.9,6.5,,"macropterous","Lindroth 1969","Lindroth 1969","Lindroth 1969",,"species","Animalia","Arthropoda","Insecta","Coleoptera","Carabidae","Harpalinae","Zabrini",,"Amara","Celia","musculis",""
"Bradycellus congener",3.9,4.8,,,"Lindroth 1969","Lindroth 1969",,,"species","Animalia","Arthropoda","Insecta","Coleoptera","Carabidae","Harpalinae","Harpalini",,"Bradycellus","Stenocellus","congener",""
"Bradycellus rupestris",3.9,4.7,,"macropterous","Lindroth 1969","Lindroth 1969","Lindroth 1969",,"species","Animalia","Arthropoda","Insecta","Coleoptera","Carabidae","Harpalinae","Harpalini",,"Bradycellus","Stenocellus","rupestris",""
"Pterostichus nivalis",4,5.1,,,"Ball 1966","Lindroth 1969",,,"species","Animalia","Arthropoda","Insecta","Coleoptera","Carabidae","Harpalinae","Pterostichini",,"Pterostichus","Criobius","nivalis",""
"Badister grandiceps",4.1,5.6,,,"Lindroth 1969","Lindroth 1969",,,"species","Animalia","Arthropoda","Insecta","Coleoptera","Carabidae","Harpalinae","Licinini",,"Badister","Baudia","grandiceps",""
"Bembidion nitidum",4.1,5.3,,"macropterous","Lindroth 1969","Lindroth 1969","Lindroth 1969","hibernate as adult","species","Animalia","Arthropoda","Insecta","Coleoptera","Carabidae","Trechinae","Bembidiini",,"Bembidion","Hydrium","nitidum",""
"Bradycellus lecontei",4.3,5,,,"Lindroth 1969","Lindroth 1969",,"hibernate as adult","species","Animalia","Arthropoda","Insecta","Coleoptera","Carabidae","Harpalinae","Harpalini",,"Bradycellus","Catharellus","lecontei",""
"Amara brunnea",5.2,6.8,,"macropterous","Lindroth 1969","Lindroth 1969","Lindroth 1969",,"species","Animalia","Arthropoda","Insecta","Coleoptera","Carabidae","Harpalinae","Zabrini",,"Amara","Celia","brunnea",""
"Amara rubrica",5.2,7.3,,"macropterous","Lindroth 1969","Lindroth 1969","Lindroth 1969",,"species","Animalia","Arthropoda","Insecta","Coleoptera","Carabidae","Harpalinae","Zabrini",,"Amara","Celia","rubrica",""
"Badister neopulchellus",5.2,6.1,,,"Lindroth 1969",,,,"species","Animalia","Arthropoda","Insecta","Coleoptera","Carabidae","Harpalinae","Licinini",,"Badister","Badister","neopulchellus",""
"Bradycellus lugubris",5.2,6.1,,,"Lindroth 1969","Lindroth 1969",,"hibernate as adult","species","Animalia","Arthropoda","Insecta","Coleoptera","Carabidae","Harpalinae","Harpalini",,"Bradycellus","Triliarthrus","lugubris",""
"Agonum consimile",5.3,7,,"macropterous","Liebherr 1994","Lindroth 1969","Lindroth 1969","hibernate as adult","species","Animalia","Arthropoda","Insecta","Coleoptera","Carabidae","Harpalinae","Platynini",,"Agonum","Europhilus","consimile",""
"Agonum sordens",5.3,6.5,,,"Liebherr 1994","Lindroth 1969",,"hibernate as adult","species","Animalia","Arthropoda","Insecta","Coleoptera","Carabidae","Harpalinae","Platynini",,"Agonum","Europhilus","sordens",""
"Amara angustata",5.3,8,,,"Hieke 2000a","Lindroth 1969",,,"species","Animalia","Arthropoda","Insecta","Coleoptera","Carabidae","Harpalinae","Zabrini",,"Amara","Zezea","angustata",""
"Amara convexa",5.3,8,,,"Lindroth 1969","Lindroth 1969",,,"species","Animalia","Arthropoda","Insecta","Coleoptera","Carabidae","Harpalinae","Zabrini",,"Amara","Amara","convexa",""
"Abaris splendidula",5.4,6.5,,,"Will 2002","Will 2002",,,"species","Animalia","Arthropoda","Insecta","Coleoptera","Carabidae","Harpalinae","Pterostichini",,"Abaris","Abaridius","splendidula",""
"Pterostichus similis",5.5,6.2,,,"Ball 1966","Lindroth 1969",,,"species","Animalia","Arthropoda","Insecta","Coleoptera","Carabidae","Harpalinae","Pterostichini",,"Pterostichus","Criobius","similis",""
"Amara familiaris",5.6,7.2,,"macropterous","Lindroth 1969","Lindroth 1969","Lindroth 1969","hibernate as adult","species","Animalia","Arthropoda","Insecta","Coleoptera","Carabidae","Harpalinae","Zabrini",,"Amara","Amara","familiaris",""
"Bembidion texanum",5.8,7,,"macropterous","Lindroth 1969","Lindroth 1969","Lindroth 1969",,"species","Animalia","Arthropoda","Insecta","Coleoptera","Carabidae","Trechinae","Bembidiini",,"Bembidion","Peryphanes","texanum",""
"Amara discors",6,8.8,,"subapterous","Lindroth 1969","Lindroth 1969","Lindroth 1969",,"species","Animalia","Arthropoda","Insecta","Coleoptera","Carabidae","Harpalinae","Zabrini",,"Amara","Xenocelia","discors",""
"Amara quenseli",6,8.8,,"dimorphic; wings full or reduced","Lindroth 1969",,,,"species","Animalia","Arthropoda","Insecta","Coleoptera","Carabidae","Harpalinae","Zabrini",,"Amara","Paracelia","quenseli",""
"Pterostichus patruelis",6,8,,"variable; mostly reduced, occassionally macropterous","Lindroth 1969","Lindroth 1969","Lindroth 1969","hibernate as adult","species","Animalia","Arthropoda","Insecta","Coleoptera","Carabidae","Harpalinae","Pterostichini",,"Pterostichus","Phonias","patruelis",""
"Agonum retractum",6.2,7.6,,"dimorphic; macropterous morph present","Liebherr 1994","Lindroth 1969","Lindroth 1969","hibernate as adult","species","Animalia","Arthropoda","Insecta","Coleoptera","Carabidae","Harpalinae","Platynini",,"Agonum","Europhilus","retractum",""
"Amara aenea",6.2,8.8,,"macropterous","Lindroth 1969","Lindroth 1969","Lindroth 1969","hibernate as adult","species","Animalia","Arthropoda","Insecta","Coleoptera","Carabidae","Harpalinae","Zabrini",,"Amara","Amara","aenea",""
"Amara littoralis",6.2,9.3,,,"Hieke 2000a","Lindroth 1969",,"hibernate as adult","species","Animalia","Arthropoda","Insecta","Coleoptera","Carabidae","Harpalinae","Zabrini",,"Amara","Amara","littoralis",""
"Amara coelebs",6.3,7.7,,,"Lindroth 1969","Lindroth 1969",,,"species","Animalia","Arthropoda","Insecta","Coleoptera","Carabidae","Harpalinae","Zabrini",,"Amara","Amara","coelebs",""
"Calleida viridis",6.3,9.1,,"macropterous","Larson 1969","Lindroth 1969",,,"species","Animalia","Arthropoda","Insecta","Coleoptera","Carabidae","","",,"Calleida","","viridis",""
"Agonum gratiosum",6.4,9.1,,"full wing but probably flightless","Liebherr 1994","Lindroth 1969","Lindroth 1969","hibernate as larva","species","Animalia","Arthropoda","Insecta","Coleoptera","Carabidae","Harpalinae","Platynini",,"Agonum","Europhilus","gratiosum",""
"Agonum thoreyi",6.4,8.7,,"macropterous","Liebherr 1994","Lindroth 1969","Lindroth 1969","hibernate as adult","species","Animalia","Arthropoda","Insecta","Coleoptera","Carabidae","Harpalinae","Platynini",,"Agonum","Europhilus","thoreyi",""
"Amara cupreolata",6.4,8.4,,"probably flightless; wings small","Hieke 2003","Hieke 2003","Lindroth 1969",,"species","Animalia","Arthropoda","Insecta","Coleoptera","Carabidae","Harpalinae","Zabrini",,"Amara","Amara","cupreolata",""
"Amara tenax",6.4,8.6,,,"Hieke 2003","Hieke 2003",,,"species","Animalia","Arthropoda","Insecta","Coleoptera","Carabidae","Harpalinae","Zabrini",,"Amara","Amara","tenax",""
"Agonum ferreum",6.5,7.5,,,"Liebherr 1994","Lindroth 1969",,,"species","Animalia","Arthropoda","Insecta","Coleoptera","Carabidae","Harpalinae","Platynini",,"Agonum","Olisares","ferreum",""
"Agonum propinquum",6.5,8.2,,,"Liebherr 1994","Lindroth 1969",,,"species","Animalia","Arthropoda","Insecta","Coleoptera","Carabidae","Harpalinae","Platynini",,"Agonum","Olisares","propinquum",""
"Amara farcta",6.5,9,,,"Lindroth 1969","Lindroth 1969",,,"species","Animalia","Arthropoda","Insecta","Coleoptera","Carabidae","Harpalinae","Zabrini",,"Amara","Amarocelia","farcta",""
"Amara impuncticollis",6.7,8.5,,,"Hieke 2000a",,,"hibernate as larva","species","Animalia","Arthropoda","Insecta","Coleoptera","Carabidae","Harpalinae","Zabrini",,"Amara","Amara","impuncticollis",""
"Agonum decorum",6.8,9,,,"Liebherr 1994","Lindroth 1969",,"hibernate as adult","species","Animalia","Arthropoda","Insecta","Coleoptera","Carabidae","Harpalinae","Platynini",,"Agonum","Olisares","decorum",""
"Agonum placidum",6.8,8.8,,"macropterous","Liebherr 1994","Lindroth 1969","Lindroth 1969","hibernate as adult","species","Animalia","Arthropoda","Insecta","Coleoptera","Carabidae","Harpalinae","Platynini",,"Agonum","Agonum","placidum",""
"Apenes sinuata",6.8,7.5,,,"Lindroth 1969",,,,"species","Animalia","Arthropoda","Insecta","Coleoptera","Carabidae","Harpalinae","Lebiini",,"Apenes","","sinuata",""
"Agonum cupreum",7,9.5,,"runs rapidly in the sunshine; variable wings are either full (and probably functionary) or reduced into a small rudiment","Liebherr 1994","Lindroth 1969","Lindroth 1969",,"species","Animalia","Arthropoda","Insecta","Coleoptera","Carabidae","Harpalinae","Platynini",,"Agonum","Olisares","cupreum",""
"Agonum errans",7,9.3,,,"Liebherr 1994","Lindroth 1969",,,"species","Animalia","Arthropoda","Insecta","Coleoptera","Carabidae","Harpalinae","Platynini",,"Agonum","Olisares","errans",""
"Agonum quinquepunctatum",7,8.5,,"variable","Liebherr 1994","Lindroth 1969","Lindroth 1969",,"species","Animalia","Arthropoda","Insecta","Coleoptera","Carabidae","Harpalinae","Platynini",,"Agonum","Olisares","quinquepunctatum",""
"Amara confusa",7,9.2,,,"Lindroth 1969","Lindroth 1969",,,"species","Animalia","Arthropoda","Insecta","Coleoptera","Carabidae","Harpalinae","Zabrini",,"Amara","Amara","confusa",""
"Calathus ingratus",7,11.1,,"wings usually reduced, occasional macropterous individual","Ball and Negre 1972","Lindroth 1969","Lindroth 1969","hibernation at more than one stage","species","Animalia","Arthropoda","Insecta","Coleoptera","Carabidae","Harpalinae","Sphodrini",,"Calathus","Neocalathus","ingratus",""
"Amara crassispina",7.2,8.8,,,"Hieke 2000a","Hieke 2003",,,"species","Animalia","Arthropoda","Insecta","Coleoptera","Carabidae","","",,"Amara","","crassispina",""
"Agonum fidele",7.3,9,,,"Liebherr 1994",,,,"species","Animalia","Arthropoda","Insecta","Coleoptera","Carabidae","Harpalinae","Platynini",,"Agonum","Olisares","fidele",""
"Amara alpina",7.3,11.5,,"probably flightless; polymorphic wing forms","Lindroth 1969",,,,"species","Animalia","Arthropoda","Insecta","Coleoptera","Carabidae","Harpalinae","Zabrini",,"Amara","Curtonotus","alpina",""
"Amara exarata",7.3,10,,,"Lindroth 1969",,,,"species","Animalia","Arthropoda","Insecta","Coleoptera","Carabidae","Harpalinae","Zabrini",,"Amara","Bradytus","exarata",""
"Amara lunicollis",7.3,9,,"macropterous","Lindroth 1969","Lindroth 1969","Lindroth 1969","hibernate as adult, in europe","species","Animalia","Arthropoda","Insecta","Coleoptera","Carabidae","Harpalinae","Zabrini",,"Amara","Amara","lunicollis",""
"Agonum cupripenne",7.5,9.3,,"Running rapidly in bright sunshine","Liebherr 1994","Lindroth 1969","Lindroth 1969","hibernate as adult","species","Animalia","Arthropoda","Insecta","Coleoptera","Carabidae","Harpalinae","Platynini",,"Agonum","Olisares","cupripenne",""
"Agonum octopunctatum",7.5,8.5,,"macropterous","Liebherr 1994","Lindroth 1969","Lindroth 1969","hibernate as adult","species","Animalia","Arthropoda","Insecta","Coleoptera","Carabidae","Harpalinae","Platynini",,"Agonum","Olisares","octopunctatum",""
"Agonum punctiforme",7.5,8,,,"Liebherr 1994","Lindroth 1969",,,"species","Animalia","Arthropoda","Insecta","Coleoptera","Carabidae","Harpalinae","Platynini",,"Agonum","Olisares","punctiforme",""
"Amara neoscotica",7.6,9,,,"Hieke 2003","Hieke 2003",,,"species","Animalia","Arthropoda","Insecta","Coleoptera","Carabidae","Harpalinae","Zabrini",,"Amara","Amara","neoscotica",""
"Brachinus cyanochroaticus",7.7,12.4,,,"Erwin 1970a","Lindroth 1969",,,"species","Animalia","Arthropoda","Insecta","Coleoptera","Carabidae","Brachininae","Brachinini",,"Brachinus","Neobrachinus","cyanochroaticus",""
"Amara latior",7.8,10.8,,"macropterous","Lindroth 1969","Lindroth 1969","Lindroth 1969",,"species","Animalia","Arthropoda","Insecta","Coleoptera","Carabidae","Harpalinae","Zabrini",,"Amara","Bradytus","latior",""
"Anisodactylus caenus",7.8,8.5,,,"Lindroth 1969","Lindroth 1969",,,"species","Animalia","Arthropoda","Insecta","Coleoptera","Carabidae","Harpalinae","Harpalini",,"Anisodactylus","Aplocentrus","caenus",""
"Agonum melanarium",8,10,,,"Liebherr 1994","Lindroth 1969",,"hibernate as adult","species","Animalia","Arthropoda","Insecta","Coleoptera","Carabidae","Harpalinae","Platynini",,"Agonum","Olisares","melanarium",""
"Calathus advena",8,11.8,,,"Lindroth 1969","Lindroth 1969",,"irregular","species","Animalia","Arthropoda","Insecta","Coleoptera","Carabidae","Harpalinae","Sphodrini",,"Calathus","Acalathus","advena",""
"Calathus opaculus",8,11,,"macropterous","Ball and Negre 1972","Lindroth 1969","Lindroth 1969",,"species","Animalia","Arthropoda","Insecta","Coleoptera","Carabidae","Harpalinae","Sphodrini",,"Calathus","Neocalathus","opaculus",""
"Calathus gregarius",8.2,10.8,,"subapterous","Ball and Negre 1972","Lindroth 1969","Lindroth 1969","hibernation at more than one stage","species","Animalia","Arthropoda","Insecta","Coleoptera","Carabidae","Harpalinae","Sphodrini",,"Calathus","Neocalathus","gregarius",""
"Agonum trigeminum",8.3,10.3,,"macropterous","Liebherr 1994",,,,"species","Animalia","Arthropoda","Insecta","Coleoptera","Carabidae","Harpalinae","Platynini",,"Agonum","Olisares","trigeminum",""
"Anisodactylus sanctaecrucis",8.3,10.5,,,"Noonan 2001","Lindroth 1969",,,"species","Animalia","Arthropoda","Insecta","Coleoptera","Carabidae","Harpalinae","Harpalini",,"Anisodactylus","Anadaptus","sanctaecrucis",""
"Pterostichus amethystinus",8.7,14.5,,,"Lindroth 1969","Lindroth 1969",,"multiple stages hibernate","species","Animalia","Arthropoda","Insecta","Coleoptera","Carabidae","Harpalinae","Pterostichini",,"Pterostichus","Hypherpes","amethystinus",""
"Amara insignis",8.8,12.5,,"macropterous","Lindroth 1969","Lindroth 1969","Lindroth 1969",,"species","Animalia","Arthropoda","Insecta","Coleoptera","Carabidae","Harpalinae","Zabrini",,"Amara","Bradytus","insignis",""
"Anisodactylus rusticus",8.8,11,,"macropterous","Noonan 1973","Lindroth 1969","Lindroth 1969","hibernate as adult","species","Animalia","Arthropoda","Insecta","Coleoptera","Carabidae","Harpalinae","Harpalini",,"Anisodactylus","Gynandrotarsus","rusticus",""
"Amara hyperborea",9,13,,"macropterous","Lindroth 1969","Lindroth 1969","Lindroth 1969",,"species","Animalia","Arthropoda","Insecta","Coleoptera","Carabidae","Harpalinae","Zabrini",,"Amara","Curtonotus","hyperborea",""
"Amara obesa",9,12.5,,"dimorphic; wings full or reduced","Lindroth 1969","Lindroth 1969","Lindroth 1969",,"species","Animalia","Arthropoda","Insecta","Coleoptera","Carabidae","Harpalinae","Zabrini",,"Amara","Percosia","obesa",""
"Calleida viridipennis",9,10,,,"Lindroth 1969","Lindroth 1969",,,"species","Animalia","Arthropoda","Insecta","Coleoptera","Carabidae","Harpalinae","Lebiini",,"Calleida","Calleida","viridipennis",""
"Anisodactylus nigerrimus",9.2,10.8,,,"Noonan 1996",,,,"species","Animalia","Arthropoda","Insecta","Coleoptera","Carabidae","Harpalinae","Harpalini",,"Anisodactylus","Anisodactylus","nigerrimus",""
"Pterostichus adstrictus",9.5,13,,,"Lindroth 1969","Lindroth 1969",,"hibernate as adult","species","Animalia","Arthropoda","Insecta","Coleoptera","Carabidae","Harpalinae","Pterostichini",,"Pterostichus","Bothriopterus","adstrictus",""
"Pterostichus mutus",9.5,13.5,,,"Lindroth 1969","Lindroth 1969",,,"species","Animalia","Arthropoda","Insecta","Coleoptera","Carabidae","Harpalinae","Pterostichini",,"Pterostichus","Bothriopterus","mutus",""
"Pterostichus pensylvanicus",9.5,12,,"dimorphic","Lindroth 1969","Lindroth 1969","Lindroth 1969",,"species","Animalia","Arthropoda","Insecta","Coleoptera","Carabidae","Harpalinae","Pterostichini",,"Pterostichus","Bothriopterus","pensylvanicus",""
"Brachinus fumans",9.9,15.4,,,"Erwin 1970a","Lindroth 1969",,,"species","Animalia","Arthropoda","Insecta","Coleoptera","Carabidae","Brachininae","Brachinini",,"Brachinus","Neobrachinus","fumans",""
"Amara fortis",10,11.5,,"wings rudimentary","Lindroth 1969","Lindroth 1969","Lindroth 1969",,"species","Animalia","Arthropoda","Insecta","Coleoptera","Carabidae","Harpalinae","Zabrini",,"Amara","Neopercosia","fortis",""
"Amara pennsylvanica",10,11.7,,"macropterous","Lindroth 1969","Lindroth 1969","Lindroth 1969",,"species","Animalia","Arthropoda","Insecta","Coleoptera","Carabidae","Harpalinae","Zabrini",,"Amara","Curtonotus","pennsylvanica",""
"Anisodactylus dulcicollis",10,11,,,"Noonan 1973","Lindroth 1969",,,"species","Animalia","Arthropoda","Insecta","Coleoptera","Carabidae","Harpalinae","Harpalini",,"Anisodactylus","Gynandrotarsus","dulcicollis",""
"Calathus fuscipes",10,15,,"subapterous","Lindroth 1969","Lindroth 1969","Lindroth 1969","hibernate as larvae","species","Animalia","Arthropoda","Insecta","Coleoptera","Carabidae","Harpalinae","Sphodrini",,"Calathus","Calathus","fuscipes",""
"Nebria brevicollis",10,,,"macropterous","Lindroth 1969","https://doi.org/10.1080/00379271.2009.10697618","https://doi.org/10.1080/00379271.2009.10697618",,"species","Animalia","Arthropoda","Insecta","Coleoptera","Carabidae","Nebriinae","Nebriini",,"Nebria","Nebria","brevicollis",""
"Pterostichus caudicalis",10,13,,,"Lindroth 1969","Lindroth 1969",,,"species","Animalia","Arthropoda","Insecta","Coleoptera","Carabidae","Harpalinae","Pterostichini",,"Pterostichus","Lamenius","caudicalis",""
"Anisodactylus harrisii",10.3,13,,,"Noonan 1996","Lindroth 1969",,,"species","Animalia","Arthropoda","Insecta","Coleoptera","Carabidae","Harpalinae","Harpalini",,"Anisodactylus","Anisodactylus","harrisii",""
"Anisodactylus nigrita",10.5,12.8,,,"Noonan 1996","Lindroth 1969",,"hibernate as adult","species","Animalia","Arthropoda","Insecta","Coleoptera","Carabidae","Harpalinae","Harpalini",,"Anisodactylus","Anisodactylus","nigrita",""
"Anisodactylus texanus",10.5,11.8,,,"Lindroth 1969","Lindroth 1969",,,"species","Animalia","Arthropoda","Insecta","Coleoptera","Carabidae","Harpalinae","Harpalini",,"Anisodactylus","Gynandrotarsus","texanus",""
"Anisodactylus kirbyi",10.7,12.8,,,"Noonan 1996","Lindroth 1969",,,"species","Animalia","Arthropoda","Insecta","Coleoptera","Carabidae","Harpalinae","Harpalini",,"Anisodactylus","Anisodactylus","kirbyi",""
"Anisodactylus merula",10.8,12.5,,,"Noonan 1973","Lindroth 1969",,,"species","Animalia","Arthropoda","Insecta","Coleoptera","Carabidae","Harpalinae","Harpalini",,"Anisodactylus","Gynandrotarsus","merula",""
"Amara carinata",11,14.2,,"macropterous","Lindroth 1969","Lindroth 1969","Lindroth 1969",,"species","Animalia","Arthropoda","Insecta","Coleoptera","Carabidae","Harpalinae","Zabrini",,"Amara","Curtonotus","carinata",""
"Anisodactylus furvus",11,12.5,,,"Noonan 1996","Lindroth 1969",,,"species","Animalia","Arthropoda","Insecta","Coleoptera","Carabidae","Harpalinae","Harpalini",,"Anisodactylus","Anisodactylus","furvus",""
"Anisodactylus carbonarius",11.4,13,,,"Lindroth 1969","Lindroth 1969",,,"species","Animalia","Arthropoda","Insecta","Coleoptera","Carabidae","Harpalinae","Harpalini",,"Anisodactylus","Anisodactylus","carbonarius",""
"Pterostichus corvinus",11.5,15,,,"Lindroth 1969",,,,"species","Animalia","Arthropoda","Insecta","Coleoptera","Carabidae","Harpalinae","Pterostichini",,"Pterostichus","Melanius","corvinus",""
"Anisodactylus ovularis",11.8,13,,,"Noonan 1973","Lindroth 1969",,,"species","Animalia","Arthropoda","Insecta","Coleoptera","Carabidae","Harpalinae","Harpalini",,"Anisodactylus","Gynandrotarsus","ovularis",""
"Anisodactylus melanopus",12,14,,,"Noonan 1996","Lindroth 1969",,,"species","Animalia","Arthropoda","Insecta","Coleoptera","Carabidae","Harpalinae","Harpalini",,"Anisodactylus","Anisodactylus","melanopus",""
"Chlaenius emarginatus",12.1,18.1,,,"Bell 1960","Lindroth 1969",,,"species","Animalia","Arthropoda","Insecta","Coleoptera","Carabidae","Harpalinae","Chlaeniini",,"Chlaenius","Anomoglossus","emarginatus",""
"Carabus chamissonis",12.4,16.5,,,"Lindroth 1969","Lindroth 1969",,"hibernate as adult","species","Animalia","Arthropoda","Insecta","Coleoptera","Carabidae","Carabinae","Carabini",,"Carabus","Diocarabus","chamissonis",""
"Chlaenius tomentosus",12.5,18,,,"Bell 1960","Lindroth 1969",,,"species","Animalia","Arthropoda","Insecta","Coleoptera","Carabidae","Harpalinae","Chlaeniini",,"Chlaenius","Eurydactylus","tomentosus",""
"Diplocheila striatopunctata",12.5,17.9,,,"Ball 1959","Lindroth 1969",,,"species","Animalia","Arthropoda","Insecta","Coleoptera","Carabidae","Harpalinae","Licinini",,"Diplocheila","Isorembus","striatopunctata",""
"Pterostichus coracinus",12.5,18,,,"Lindroth 1969","Lindroth 1969",,"hibernate as adult","species","Animalia","Arthropoda","Insecta","Coleoptera","Carabidae","Harpalinae","Pterostichini",,"Pterostichus","Euferonia","coracinus",""
"Pterostichus stygicus",12.5,18,,,"Lindroth 1969","Lindroth 1969",,,"species","Animalia","Arthropoda","Insecta","Coleoptera","Carabidae","Harpalinae","Pterostichini",,"Pterostichus","Euferonia","stygicus",""
"Chlaenius platyderus",12.6,16.8,,,"Bell 1960","Lindroth 1969",,,"species","Animalia","Arthropoda","Insecta","Coleoptera","Carabidae","Harpalinae","Chlaeniini",,"Chlaenius","Chlaenius","platyderus",""
"Pterostichus rostratus",12.7,18,,,"Lindroth 1969","Lindroth 1969",,,"species","Animalia","Arthropoda","Insecta","Coleoptera","Carabidae","Harpalinae","Pterostichini",,"Pterostichus","Cylindrocharis","rostratus",""
"Pterostichus lachrymosus",14.5,17,,,"Lindroth 1969","Lindroth 1969",,,"species","Animalia","Arthropoda","Insecta","Coleoptera","Carabidae","Harpalinae","Pterostichini",,"Pterostichus","Euferonia","lachrymosus",""
"Carabus truncaticollis truncaticollis",14.8,17,,,"Lindroth 1969","Lindroth 1969; given for species, not subspecies",,,"subspecies","Animalia","Arthropoda","Insecta","Coleoptera","Carabidae","Carabinae","Carabini",,"Carabus","Aulonocarabus","truncaticollis","truncaticollis"
"Carabus maeander maeander",15,23.5,,,"Lindroth 1969","Lindroth 1969; given for species, not subspecies",,,"subspecies","Animalia","Arthropoda","Insecta","Coleoptera","Carabidae","Carabinae","Carabini",,"Carabus","Homoeocarabus","maeander","maeander"
"Pterostichus moestus",15,17,,,"Lindroth 1969","Lindroth 1969",,,"species","Animalia","Arthropoda","Insecta","Coleoptera","Carabidae","Harpalinae","Pterostichini",,"Pterostichus","Eosteropus","moestus",""
"Carabus serratus",16,24,,"dimorphic; wings full or reduced","Lindroth 1969","Lindroth 1969","Lindroth 1969","hibernate as adult","species","Animalia","Arthropoda","Insecta","Coleoptera","Carabidae","Carabinae","Carabini",,"Carabus","Hemicarabus","serratus",""
"Pterostichus novus",16,19.5,,,"Lindroth 1969","Lindroth 1969",,,"species","Animalia","Arthropoda","Insecta","Coleoptera","Carabidae","Harpalinae","Pterostichini",,"Pterostichus","Euferonia","novus",""
"Calosoma frigidum",17,27,,"macropterous","Gidaspow 1959","Lindroth 1969","Lindroth 1969","hibernate as adult","species","Animalia","Arthropoda","Insecta","Coleoptera","Carabidae","Carabinae","Carabini",,"Calosoma","Calosoma","frigidum",""
"Calosoma obsoletum",17,24,,"macropterous","Gidaspow 1959","Lindroth 1969","Lindroth 1969","hibernate as adult","species","Animalia","Arthropoda","Insecta","Coleoptera","Carabidae","Carabinae","Carabini",,"Calosoma","Chrysostigma","obsoletum",""
"Calosoma calidum",19,25,,"macropterous","Gidaspow 1959","Lindroth 1969","Lindroth 1969","hibernate as adult","species","Animalia","Arthropoda","Insecta","Coleoptera","Carabidae","Carabinae","Carabini",,"Calosoma","Chrysostigma","calidum",""
"Carabus taedatus taedatus",19,25,,,"Lindroth 1969","Lindroth 1969",,"hibernate as imago","subspecies","Animalia","Arthropoda","Insecta","Coleoptera","Carabidae","Carabinae","Carabini",,"Carabus","Tanaocarabus","taedatus","taedatus"
"Pterostichus lama",19.5,28,,,"Lindroth 1969","Lindroth 1969",,"hibernate as adult","species","Animalia","Arthropoda","Insecta","Coleoptera","Carabidae","Harpalinae","Pterostichini",,"Pterostichus","Hypherpes","lama",""
"Carabus vietinghoffii vietinghoffii",20,25,,,"Lindroth 1969","Lindroth 1969; given for species, not subspecies",,"hibernate as adult","subspecies","Animalia","Arthropoda","Insecta","Coleoptera","Carabidae","Carabinae","Carabini",,"Carabus","Megodontus","vietinghoffii","vietinghoffii"
"Carabus vinctus",20,25,,,"Lindroth 1969","Lindroth 1969",,,"species","Animalia","Arthropoda","Insecta","Coleoptera","Carabidae","Carabinae","Carabini",,"Carabus","Carabus","vinctus",""
"Carabus nemoralis nemoralis",21,26,,,"Lindroth 1969","Lindroth 1969; given for species, not subspecies",,"hibernate as adult","subspecies","Animalia","Arthropoda","Insecta","Coleoptera","Carabidae","Carabinae","Carabini",,"Carabus","Archicarabus","nemoralis","nemoralis"
"Calosoma alternans",22,30,,,"Gidaspow 1959","Lindroth 1969",,,"species","Animalia","Arthropoda","Insecta","Coleoptera","Carabidae","","",,"Calosoma","","alternans",""
"Calosoma externum",24,35,,"macropterous","Gidaspow 1959","Lindroth 1969","Lindroth 1969",,"species","Animalia","Arthropoda","Insecta","Coleoptera","Carabidae","Carabinae","Carabini",,"Calosoma","Callitropa","externum",""
"Carabus sylvosus",24,28,,,"Lindroth 1969","Lindroth 1969",,,"species","Animalia","Arthropoda","Insecta","Coleoptera","Carabidae","Carabinae","Carabini",,"Carabus","Tanaocarabus","sylvosus",""
"Calosoma scrutator",25,36,,"macropterous","Gidaspow 1959","Lindroth 1969","Lindroth 1969","hibernate as adult","species","Animalia","Arthropoda","Insecta","Coleoptera","Carabidae","Carabinae","Carabini",,"Calosoma","Calodrepa","scrutator",""
"Agonoleptus conjunctus",,,,,"Bousquet and Messer 2010",,,,"species","Animalia","Arthropoda","Insecta","Coleoptera","Carabidae","Harpalinae","Harpalini",,"Agonoleptus","","conjunctus",""
"Agonoleptus rotundatus",,,,,"Bousquet and Messer 2010",,,,"species","Animalia","Arthropoda","Insecta","Coleoptera","Carabidae","Harpalinae","Harpalini",,"Agonoleptus","","rotundatus",""
"Agonoleptus thoracicus",,,,,"Bousquet and Messer 2010",,,,"species","Animalia","Arthropoda","Insecta","Coleoptera","Carabidae","Harpalinae","Harpalini",,"Agonoleptus","","thoracicus",""
"Agonum anthracinum",,,,,"Liebherr 1994",,,,"species","Animalia","Arthropoda","Insecta","Coleoptera","Carabidae","Harpalinae","Platynini",,"Agonum","Olisares","anthracinum",""
"Agonum canadense",,,,,"Liebherr 1994",,,,"species","Animalia","Arthropoda","Insecta","Coleoptera","Carabidae","Harpalinae","Platynini",,"Agonum","Europhilus","canadense",""
"Agonum palustre",,,,,"Liebherr 1994",,,,"species","Animalia","Arthropoda","Insecta","Coleoptera","Carabidae","Harpalinae","Platynini",,"Agonum","Europhilus","palustre",""
"Agonum sulcipenne",,,,,"Liebherr 1994",,,,"species","Animalia","Arthropoda","Insecta","Coleoptera","Carabidae","Harpalinae","Platynini",,"Agonum","Olisares","sulcipenne",""
"Amara angustatoides",,,,,"Hieke 2000a",,,,"species","Animalia","Arthropoda","Insecta","Coleoptera","Carabidae","Harpalinae","Zabrini",,"Amara","Zezea","angustatoides",""
"Amara flebilis",,,,,"Hieke 2000a",,,,"species","Animalia","Arthropoda","Insecta","Coleoptera","Carabidae","Harpalinae","Zabrini",,"Amara","Zezea","flebilis",""
"Amara lindrothi",,,,,"Hieke 1990",,,,"species","Animalia","Arthropoda","Insecta","Coleoptera","Carabidae","Harpalinae","Zabrini",,"Amara","Bradytus","lindrothi",""
"Amara quenseli quenseli",,,,,"Lindroth 1969",,,,"subspecies","Animalia","Arthropoda","Insecta","Coleoptera","Carabidae","Harpalinae","Zabrini",,"Amara","Paracelia","quenseli","quenseli"
"Amara rectangula ciudadensis",,,,,"Hieke 2001",,,,"subspecies","Animalia","Arthropoda","Insecta","Coleoptera","Carabidae","Harpalinae","Zabrini",,"Amara","Xenocelia","rectangula","ciudadensis"
"Amblygnathus iripennis",,,,,"Ball and Maddison 1987",,,,"species","Animalia","Arthropoda","Insecta","Coleoptera","Carabidae","Harpalinae","Harpalini",,"Amblygnathus","","iripennis",""
"Amblygnathus mexicanus",,,,,"Ball and Maddison 1987",,,,"species","Animalia","Arthropoda","Insecta","Coleoptera","Carabidae","Harpalinae","Harpalini",,"Amblygnathus","","mexicanus",""
"Amerizus wingatei",,,,,"Lindroth 1969",,,,"species","Animalia","Arthropoda","Insecta","Coleoptera","Carabidae","Trechinae","Bembidiini",,"Amerizus","Amerizus","wingatei",""
"Amphasia interstitialis",,,,,"Noonan 1973",,,,"species","Animalia","Arthropoda","Insecta","Coleoptera","Carabidae","Harpalinae","Harpalini",,"Amphasia","Amphasia","interstitialis",""
"Amphasia sericea",,,,,"Lindroth 1969",,,,"species","Animalia","Arthropoda","Insecta","Coleoptera","Carabidae","Harpalinae","Harpalini",,"Amphasia","Pseudamphasia","sericea",""
"Anisodactylus agricola",,,,,"Noonan 1996",,,,"species","Animalia","Arthropoda","Insecta","Coleoptera","Carabidae","Harpalinae","Harpalini",,"Anisodactylus","Anisodactylus","agricola",""
"Anisodactylus haplomus",,,,,"Noonan 1973",,,,"species","Animalia","Arthropoda","Insecta","Coleoptera","Carabidae","Harpalinae","Harpalini",,"Anisodactylus","Gynandrotarsus","haplomus",""
"Anisodactylus opaculus",,,,,"Noonan 1973",,,,"species","Animalia","Arthropoda","Insecta","Coleoptera","Carabidae","Harpalinae","Harpalini",,"Anisodactylus","Gynandrotarsus","opaculus",""
"Apenes lucidula lucidula",,,,,"Ball and Shpeley 2009",,,,"subspecies","Animalia","Arthropoda","Insecta","Coleoptera","Carabidae","Harpalinae","Lebiini",,"Apenes","","lucidula","lucidula"
"Apenes opaca",,,,,"Other",,,,"species","Animalia","Arthropoda","Insecta","Coleoptera","Carabidae","Harpalinae","Lebiini",,"Apenes","","opaca",""
"Ardistomis schaumii",,,,,"Bousquet 2006b",,,,"species","Animalia","Arthropoda","Insecta","Coleoptera","Carabidae","Scaritinae","Clivinini",,"Ardistomis","","schaumii",""
"Aspidoglossa subangulata",,,,,"Arnett and Thomas 2001",,,,"species","Animalia","Arthropoda","Insecta","Coleoptera","Carabidae","Scaritinae","Clivinini",,"Aspidoglossa","","subangulata",""
"Athrostictus paganus",,,,,"Shpeley et al 2017",,,,"species","Animalia","Arthropoda","Insecta","Coleoptera","Carabidae","","",,"Athrostictus","","paganus",""
"Badister notatus",,,,,"Ball 1959",,,,"species","Animalia","Arthropoda","Insecta","Coleoptera","Carabidae","Harpalinae","Licinini",,"Badister","Badister","notatus",""
"Badister obtusus",,,,,"Ball 1959",,,,"species","Animalia","Arthropoda","Insecta","Coleoptera","Carabidae","Harpalinae","Licinini",,"Badister","Badister","obtusus",""
"Badister parviceps",,,,,"Ball 1959",,,,"species","Animalia","Arthropoda","Insecta","Coleoptera","Carabidae","Harpalinae","Licinini",,"Badister","Baudia","parviceps",""
"Badister transversus",,,,,"Ball 1959",,,,"species","Animalia","Arthropoda","Insecta","Coleoptera","Carabidae","Harpalinae","Licinini",,"Badister","Baudia","transversus",""
"Bembidion ampliatum",,,,,"Sproul and Maddison 2017",,,,"species","Animalia","Arthropoda","Insecta","Coleoptera","Carabidae","Trechinae","Bembidiini",,"Bembidion","","ampliatum",""
"Bembidion nigrivestis",,,,,"Bousquet and Webster 2006",,,,"species","Animalia","Arthropoda","Insecta","Coleoptera","Carabidae","Trechinae","Bembidiini",,"Bembidion","Semicampa","nigrivestis",""
"Bembidion roosevelti",,,,,"Bousquet and Webster 2006",,,,"species","Animalia","Arthropoda","Insecta","Coleoptera","Carabidae","Trechinae","Bembidiini",,"Bembidion","Semicampa","roosevelti",""
"Bembidion transparens transparens",,,,,"Lindroth 1969",,,,"subspecies","Animalia","Arthropoda","Insecta","Coleoptera","Carabidae","Trechinae","Bembidiini",,"Bembidion","Diplocampa","transparens","transparens"
"Blethisa hudsonica",,,,,"Goulet et al 2009",,,,"species","Animalia","Arthropoda","Insecta","Coleoptera","Carabidae","Elaphrinae","Elaphrini",,"Blethisa","","hudsonica",""
"Brachinus alternans",,,,,"Erwin 1970a",,,,"species","Animalia","Arthropoda","Insecta","Coleoptera","Carabidae","Brachininae","Brachinini",,"Brachinus","Neobrachinus","alternans",""
"Brachinus imperialensis",,,,,"Erwin 1970a",,,,"species","Animalia","Arthropoda","Insecta","Coleoptera","Carabidae","Brachininae","Brachinini",,"Brachinus","Neobrachinus","imperialensis",""
"Brachinus medius",,,,,"Erwin 1970a",,,,"species","Animalia","Arthropoda","Insecta","Coleoptera","Carabidae","Brachininae","Brachinini",,"Brachinus","Neobrachinus","medius",""
"Brachinus perplexus",,,,,"Erwin 1970a",,,,"species","Animalia","Arthropoda","Insecta","Coleoptera","Carabidae","Brachininae","Brachinini",,"Brachinus","Neobrachinus","perplexus",""
"Calosoma affine",,,,,"Gidaspow 1959",,,,"species","Animalia","Arthropoda","Insecta","Coleoptera","Carabidae","Carabinae","Carabini",,"Calosoma","Chrysostigma","affine",""
"Calosoma morrisonii",,,,,"Gidaspow 1959",,,,"species","Animalia","Arthropoda","Insecta","Coleoptera","Carabidae","Carabinae","Carabini",,"Calosoma","Chrysostigma","morrisonii",""
"Calosoma peregrinator",,,,,"Gidaspow 1959",,,,"species","Animalia","Arthropoda","Insecta","Coleoptera","Carabidae","Carabinae","Carabini",,"Calosoma","Carabosoma","peregrinator",""
"Calosoma sayi",,,,,"Gidaspow 1959",,,,"species","Animalia","Arthropoda","Insecta","Coleoptera","Carabidae","Carabinae","Carabini",,"Calosoma","Castrida","sayi",""
"Calosoma semilaeve",,,,,"Gidaspow 1959",,,,"species","Animalia","Arthropoda","Insecta","Coleoptera","Carabidae","Carabinae","Carabini",,"Calosoma","Chrysostigma","semilaeve",""
"Carabus goryi",,,,,"Lindroth 1969",,,,"species","Animalia","Arthropoda","Insecta","Coleoptera","Carabidae","Carabinae","Carabini",,"Carabus","Carabus","goryi",""
"Chlaenius aestivus",,,,,"Bell 1960",,,,"species","Animalia","Arthropoda","Insecta","Coleoptera","Carabidae","Harpalinae","Chlaeniini",,"Chlaenius","Chlaenius","aestivus",""
"Chlaenius alternatus",,,,,"Bell 1960",,,,"species","Animalia","Arthropoda","Insecta","Coleoptera","Carabidae","Harpalinae","Chlaeniini",,"Chlaenius","Agostenus","alternatus",""
"Chlaenius amoenus",,,,,"Bell 1960",,,,"species","Animalia","Arthropoda","Insecta","Coleoptera","Carabidae","Harpalinae","Chlaeniini",,"Chlaenius","Anomoglossus","amoenus",""
"Chlaenius erythropus",,,,,"Bell 1960",,,,"species","Animalia","Arthropoda","Insecta","Coleoptera","Carabidae","Harpalinae","Chlaeniini",,"Chlaenius","Chlaenius","erythropus",""
"Chlaenius impunctifrons",,,,,"Bell 1960",,,,"species","Animalia","Arthropoda","Insecta","Coleoptera","Carabidae","Harpalinae","Chlaeniini",,"Chlaenius","Chlaeniellus","impunctifrons",""
"Chlaenius laticollis",,,,,"Bell 1960",,,,"species","Animalia","Arthropoda","Insecta","Coleoptera","Carabidae","Harpalinae","Chlaeniini",,"Chlaenius","Chlaenius","laticollis",""
"Chlaenius nebraskensis",,,,,"Bell 1960",,,,"species","Animalia","Arthropoda","Insecta","Coleoptera","Carabidae","Harpalinae","Chlaeniini",,"Chlaenius","Chlaeniellus","nebraskensis",""
"Chlaenius nemoralis",,,,,"Bell 1960",,,,"species","Animalia","Arthropoda","Insecta","Coleoptera","Carabidae","Harpalinae","Chlaeniini",,"Chlaenius","Chlaeniellus","nemoralis",""
"Chlaenius oxygonus",,,,,"Bell 1960",,,,"species","Animalia","Arthropoda","Insecta","Coleoptera","Carabidae","Harpalinae","Chlaeniini",,"Chlaenius","Chlaeniellus","oxygonus",""
"Chlaenius pennsylvanicus pennsylvanicus",,,,,"Bell 1960",,,,"subspecies","Animalia","Arthropoda","Insecta","Coleoptera","Carabidae","Harpalinae","Chlaeniini",,"Chlaenius","Chlaeniellus","pennsylvanicus","pennsylvanicus"
"Chlaenius pimalicus",,,,,"Bell 1960",,,,"species","Animalia","Arthropoda","Insecta","Coleoptera","Carabidae","Harpalinae","Chlaeniini",,"Chlaenius","Eurydactylus","pimalicus",""
"Chlaenius pusillus",,,,,"Bell 1960",,,,"species","Animalia","Arthropoda","Insecta","Coleoptera","Carabidae","Harpalinae","Chlaeniini",,"Chlaenius","Anomoglossus","pusillus",""
"Chlaenius sericeus",,,,,"Bell 1960",,,,"species","Animalia","Arthropoda","Insecta","Coleoptera","Carabidae","Harpalinae","Chlaeniini",,"Chlaenius","Chlaenius","sericeus",""
"Chlaenius sericeus sericeus",,,,,"Bell 1960",,,,"subspecies","Animalia","Arthropoda","Insecta","Coleoptera","Carabidae","","",,"Chlaenius","","sericeus","sericeus"
"Chlaenius tricolor tricolor",,,,,"Bell 1960",,,,"subspecies","Animalia","Arthropoda","Insecta","Coleoptera","Carabidae","Harpalinae","Chlaeniini",,"Chlaenius","Chlaeniellus","tricolor","tricolor"
"Cicindela abdominalis",,,,"macropterous","Pearson et al 2006",,"Larochelle and Lariviere 2001",,"species","Animalia","Arthropoda","Insecta","Coleoptera","Carabidae","Cicindelinae","Cicindelini",,"Cicindela","Cicindelidia","abdominalis",""
"Cicindela obsoleta",,,,"macropterous","Pearson et al 2006",,"Larochelle and Lariviere 2001",,"species","Animalia","Arthropoda","Insecta","Coleoptera","Carabidae","Cicindelinae","Cicindelini",,"Cicindela","Cicindelidia","obsoleta",""
"Cicindela pulchra pulchra",,,,"macropterous","Pearson et al 2006",,"Larochelle and Lariviere 2001",,"subspecies","Animalia","Arthropoda","Insecta","Coleoptera","Carabidae","Cicindelinae","Cicindelini",,"Cicindela","Cicindela","pulchra","pulchra"
"Cicindela punctulata punctulata",,,,"macropterous","Pearson et al 2006",,"Larochelle and Lariviere 2001",,"subspecies","Animalia","Arthropoda","Insecta","Coleoptera","Carabidae","Cicindelinae","Cicindelini",,"Cicindela","Cicindelidia","punctulata","punctulata"
"Cicindela purpurea cimarrona",,,,"macropterous","Pearson et al 2006",,"Larochelle and Lariviere 2001",,"subspecies","Animalia","Arthropoda","Insecta","Coleoptera","Carabidae","Cicindelinae","Cicindelini",,"Cicindela","Cicindela","purpurea","cimarrona"
"Cicindela purpurea purpurea",,,,"macropterous, although some flightless specimens were seen that had fused elytra (ny)","Pearson et al 2006",,"Larochelle and Lariviere 2001",,"subspecies","Animalia","Arthropoda","Insecta","Coleoptera","Carabidae","Cicindelinae","Cicindelini",,"Cicindela","Cicindela","purpurea","purpurea"
"Cicindela sedecimpunctata sedecimpunctata",,,,"macropterous","Pearson et al 2006",,"Larochelle and Lariviere 2001",,"subspecies","Animalia","Arthropoda","Insecta","Coleoptera","Carabidae","Cicindelinae","Cicindelini",,"Cicindela","Cicindelidia","sedecimpunctata","sedecimpunctata"
"Cicindela sexguttata",,,,"macropterous","Pearson et al 2006",,"Larochelle and Lariviere 2001",,"species","Animalia","Arthropoda","Insecta","Coleoptera","Carabidae","Cicindelinae","Cicindelini",,"Cicindela","Cicindela","sexguttata",""
"Clinidium baldufi",,,,,"Bell and Bell 1975",,,,"species","Animalia","Arthropoda","Insecta","Coleoptera","Rhysodidae","","",,"Clinidium","","baldufi",""
"Clivina fossor",,,,,"Bousquet 1997",,,,"species","Animalia","Arthropoda","Insecta","Coleoptera","Carabidae","Scaritinae","Clivinini",,"Clivina","Clivina","fossor",""
"Clivina fossor fossor",,,,,"Lindroth 1969",,,,"subspecies","Animalia","Arthropoda","Insecta","Coleoptera","Carabidae","Scaritinae","Clivinini",,"Clivina","Clivina","fossor","fossor"
"Clivina impressefrons",,,,,"Bousquet 1997",,,,"species","Animalia","Arthropoda","Insecta","Coleoptera","Carabidae","Scaritinae","Clivinini",,"Clivina","Clivina","impressefrons",""
"Clivina planicollis",,,,,"Bousquet and Skelley 2012",,,,"species","Animalia","Arthropoda","Insecta","Coleoptera","Carabidae","Scaritinae","Clivinini",,"Clivina","Clivina","planicollis",""
"Colliuris pensylvanica",,,,,"Bousquet 2010a",,,,"species","Animalia","Arthropoda","Insecta","Coleoptera","Carabidae","Harpalinae","Odacanthini",,"Colliuris","Cosnania","pensylvanica",""
"Cratacanthus dubius",,,,,"Lindroth 1969",,,,"species","Animalia","Arthropoda","Insecta","Coleoptera","Carabidae","Harpalinae","Harpalini",,"Cratacanthus","","dubius",""
"Cyclotrachelus alternans",,,,,"Freitag 1969",,,,"species","Animalia","Arthropoda","Insecta","Coleoptera","Carabidae","Harpalinae","Pterostichini",,"Cyclotrachelus","Evarthrus","alternans",""
"Cyclotrachelus brevoorti",,,,,"Freitag 1969",,,,"species","Animalia","Arthropoda","Insecta","Coleoptera","Carabidae","Harpalinae","Pterostichini",,"Cyclotrachelus","Cyclotrachelus","brevoorti",""
"Cyclotrachelus constrictus",,,,,"Freitag 1969",,,,"species","Animalia","Arthropoda","Insecta","Coleoptera","Carabidae","Harpalinae","Pterostichini",,"Cyclotrachelus","Evarthrus","constrictus",""
"Cyclotrachelus convivus",,,,,"Freitag 1969",,,,"species","Animalia","Arthropoda","Insecta","Coleoptera","Carabidae","Harpalinae","Pterostichini",,"Cyclotrachelus","Evarthrus","convivus",""
"Cyclotrachelus deceptus",,,,,"Freitag 1969",,,,"species","Animalia","Arthropoda","Insecta","Coleoptera","Carabidae","Harpalinae","Pterostichini",,"Cyclotrachelus","Evarthrus","deceptus",""
"Cyclotrachelus dejeanellus",,,,,"Freitag 1969",,,,"species","Animalia","Arthropoda","Insecta","Coleoptera","Carabidae","Harpalinae","Pterostichini",,"Cyclotrachelus","Cyclotrachelus","dejeanellus",""
"Cyclotrachelus faber",,,,,"Freitag 1969",,,,"species","Animalia","Arthropoda","Insecta","Coleoptera","Carabidae","Harpalinae","Pterostichini",,"Cyclotrachelus","Cyclotrachelus","faber",""
"Cyclotrachelus freitagi",,,,,"Freitag 1969",,,,"species","Animalia","Arthropoda","Insecta","Coleoptera","Carabidae","Harpalinae","Pterostichini",,"Cyclotrachelus","Cyclotrachelus","freitagi",""
"Cyclotrachelus fucatus",,,,,"Freitag 1969",,,,"species","Animalia","Arthropoda","Insecta","Coleoptera","Carabidae","Harpalinae","Pterostichini",,"Cyclotrachelus","Cyclotrachelus","fucatus",""
"Cyclotrachelus furtivus",,,,,"Freitag 1969",,,,"species","Animalia","Arthropoda","Insecta","Coleoptera","Carabidae","Harpalinae","Pterostichini",,"Cyclotrachelus","Evarthrus","furtivus",""
"Cyclotrachelus hypherpiformis",,,,,"Freitag 1969",,,,"species","Animalia","Arthropoda","Insecta","Coleoptera","Carabidae","Harpalinae","Pterostichini",,"Cyclotrachelus","Evarthrus","hypherpiformis",""
"Cyclotrachelus laevipennis",,,,,"Freitag 1969",,,,"species","Animalia","Arthropoda","Insecta","Coleoptera","Carabidae","Harpalinae","Pterostichini",,"Cyclotrachelus","Cyclotrachelus","laevipennis",""
"Cyclotrachelus ovulum",,,,,"Freitag 1969",,,,"species","Animalia","Arthropoda","Insecta","Coleoptera","Carabidae","Harpalinae","Pterostichini",,"Cyclotrachelus","Cyclotrachelus","ovulum",""
"Cyclotrachelus seximpressus",,,,,"Freitag 1969",,,,"species","Animalia","Arthropoda","Insecta","Coleoptera","Carabidae","Harpalinae","Pterostichini",,"Cyclotrachelus","Evarthrus","seximpressus",""
"Cyclotrachelus sigillatus",,,,,"Freitag 1969",,,,"species","Animalia","Arthropoda","Insecta","Coleoptera","Carabidae","Harpalinae","Pterostichini",,"Cyclotrachelus","Evarthrus","sigillatus",""
"Cyclotrachelus sodalis colossus",,,,,"Freitag 1969",,,,"subspecies","Animalia","Arthropoda","Insecta","Coleoptera","Carabidae","Harpalinae","Pterostichini",,"Cyclotrachelus","Evarthrus","sodalis","colossus"
"Cyclotrachelus sodalis sodalis",,,,,"Freitag 1969",,,,"subspecies","Animalia","Arthropoda","Insecta","Coleoptera","Carabidae","Harpalinae","Pterostichini",,"Cyclotrachelus","Evarthrus","sodalis","sodalis"
"Cyclotrachelus substriatus",,,,,"Freitag 1969",,,,"species","Animalia","Arthropoda","Insecta","Coleoptera","Carabidae","Harpalinae","Pterostichini",,"Cyclotrachelus","Evarthrus","substriatus",""
"Cyclotrachelus torvus",,,,,"Freitag 1969",,,,"species","Animalia","Arthropoda","Insecta","Coleoptera","Carabidae","Harpalinae","Pterostichini",,"Cyclotrachelus","Evarthrus","torvus",""
"Cylindera celeripes",,,,"subapterous","Pearson et al 2006",,"Larochelle and Lariviere 2001",,"species","Animalia","Arthropoda","Insecta","Coleoptera","Carabidae","Cicindelinae","Cicindelini",,"Cylindera","Cylindera","celeripes",""
"Cylindera cursitans",,,,"flightless","Pearson et al 2006",,"Larochelle and Lariviere 2001",,"species","Animalia","Arthropoda","Insecta","Coleoptera","Carabidae","Cicindelinae","Cicindelini",,"Cylindera","Cylindera","cursitans",""
"Cylindera lemniscata rebaptisata",,,,"macropterous","Pearson et al 2006",,"Larochelle and Lariviere 2001",,"subspecies","Animalia","Arthropoda","Insecta","Coleoptera","Carabidae","Cicindelinae","Cicindelini",,"Cylindera","Cylindera","lemniscata","rebaptisata"
"Cylindera unipunctata",,,,"macropterous","Pearson et al 2006",,"Larochelle and Lariviere 2001",,"species","Animalia","Arthropoda","Insecta","Coleoptera","Carabidae","Cicindelinae","Cicindelini",,"Cylindera","Cylindera","unipunctata",""
"Cymindis americana",,,,,"Lindroth 1969",,,,"species","Animalia","Arthropoda","Insecta","Coleoptera","Carabidae","Harpalinae","Lebiini",,"Cymindis","Tarulus","americana",""
"Cymindis arizonensis",,,,,"Lindroth 1969",,,,"species","Animalia","Arthropoda","Insecta","Coleoptera","Carabidae","Harpalinae","Lebiini",,"Cymindis","Cymindis","arizonensis",""
"Cymindis cribricollis",,,,,"Lindroth 1969",,,,"species","Animalia","Arthropoda","Insecta","Coleoptera","Carabidae","Harpalinae","Lebiini",,"Cymindis","Tarulus","cribricollis",""
"Cymindis interior",,,,,"Lindroth 1969",,,,"species","Animalia","Arthropoda","Insecta","Coleoptera","Carabidae","Harpalinae","Lebiini",,"Cymindis","Tarulus","interior",""
"Cymindis laticollis",,,,,"Lindroth 1969",,,,"species","Animalia","Arthropoda","Insecta","Coleoptera","Carabidae","Harpalinae","Lebiini",,"Cymindis","Tarulus","laticollis",""
"Cymindis limbata",,,,,"Hunting 2013",,,,"species","Animalia","Arthropoda","Insecta","Coleoptera","Carabidae","Harpalinae","Lebiini",,"Cymindis","Pinacodera","limbata",""
"Cymindis neglecta",,,,,"Lindroth 1969",,,,"species","Animalia","Arthropoda","Insecta","Coleoptera","Carabidae","Harpalinae","Lebiini",,"Cymindis","Tarulus","neglecta",""
"Cymindis pilosa",,,,,"Lindroth 1969",,,,"species","Animalia","Arthropoda","Insecta","Coleoptera","Carabidae","Harpalinae","Lebiini",,"Cymindis","Tarulus","pilosa",""
"Cymindis planipennis",,,,,"Lindroth 1969",,,,"species","Animalia","Arthropoda","Insecta","Coleoptera","Carabidae","Harpalinae","Lebiini",,"Cymindis","Tarulus","planipennis",""
"Cymindis platicollis",,,,,"Hunting 2013",,,,"species","Animalia","Arthropoda","Insecta","Coleoptera","Carabidae","Harpalinae","Lebiini",,"Cymindis","Pinacodera","platicollis",""
"Cymindis platicollis platicollis",,,,,"Hunting 2013",,,,"subspecies","Animalia","Arthropoda","Insecta","Coleoptera","Carabidae","Harpalinae","Lebiini",,"Cymindis","Pinacodera","platicollis","platicollis"
"Cymindis punctigera",,,,,"Lindroth 1969",,,,"species","Animalia","Arthropoda","Insecta","Coleoptera","Carabidae","Harpalinae","Lebiini",,"Cymindis","Pinacodera","punctigera",""
"Cymindis unicolor",,,,,"Lindroth 1969",,,,"species","Animalia","Arthropoda","Insecta","Coleoptera","Carabidae","Harpalinae","Lebiini",,"Cymindis","Tarulus","unicolor",""
"Cymindis vaporariorum",,,,,"Shpeley and Ball 1999",,,,"species","Animalia","Arthropoda","Insecta","Coleoptera","Carabidae","Harpalinae","Lebiini",,"Cymindis","Tarulus","vaporariorum",""
"Dicaelus alternans",,,,,"Ball 1959",,,,"species","Animalia","Arthropoda","Insecta","Coleoptera","Carabidae","Harpalinae","Licinini",,"Dicaelus","Dicaelus","alternans",""
"Dicaelus ambiguus",,,,,"Ball 1959",,,,"species","Animalia","Arthropoda","Insecta","Coleoptera","Carabidae","Harpalinae","Licinini",,"Dicaelus","Paradicaelus","ambiguus",""
"Dicaelus dilatatus dilatatus",,,,,"Ball 1959",,,,"subspecies","Animalia","Arthropoda","Insecta","Coleoptera","Carabidae","Harpalinae","Licinini",,"Dicaelus","Paradicaelus","dilatatus","dilatatus"
"Dicaelus dilatatus sinuatus",,,,,"Ball 1959",,,,"subspecies","Animalia","Arthropoda","Insecta","Coleoptera","Carabidae","Harpalinae","Licinini",,"Dicaelus","Paradicaelus","dilatatus","sinuatus"
"Dicaelus elongatus",,,,,"Ball 1959",,,,"species","Animalia","Arthropoda","Insecta","Coleoptera","Carabidae","Harpalinae","Licinini",,"Dicaelus","Paradicaelus","elongatus",""
"Dicaelus furvus carinatus",,,,,"Ball 1959",,,,"subspecies","Animalia","Arthropoda","Insecta","Coleoptera","Carabidae","Harpalinae","Licinini",,"Dicaelus","Paradicaelus","furvus","carinatus"
"Dicaelus furvus furvus",,,,,"Ball 1959",,,,"subspecies","Animalia","Arthropoda","Insecta","Coleoptera","Carabidae","Harpalinae","Licinini",,"Dicaelus","Paradicaelus","furvus","furvus"
"Dicaelus politus",,,,,"Ball 1959",,,,"species","Animalia","Arthropoda","Insecta","Coleoptera","Carabidae","Harpalinae","Licinini",,"Dicaelus","Paradicaelus","politus",""
"Dicaelus purpuratus purpuratus",,,,,"Ball 1959",,,,"subspecies","Animalia","Arthropoda","Insecta","Coleoptera","Carabidae","Harpalinae","Licinini",,"Dicaelus","Dicaelus","purpuratus","purpuratus"
"Dicaelus purpuratus splendidus",,,,,"Ball 1959",,,,"subspecies","Animalia","Arthropoda","Insecta","Coleoptera","Carabidae","Harpalinae","Licinini",,"Dicaelus","Dicaelus","purpuratus","splendidus"
"Dicaelus sculptilis",,,,,"Ball 1959",,,,"species","Animalia","Arthropoda","Insecta","Coleoptera","Carabidae","Harpalinae","Licinini",,"Dicaelus","Paradicaelus","sculptilis",""
"Dicaelus sculptilis sculptilis",,,,,"Ball 1959",,,,"subspecies","Animalia","Arthropoda","Insecta","Coleoptera","Carabidae","Harpalinae","Licinini",,"Dicaelus","Paradicaelus","sculptilis","sculptilis"
"Dicaelus teter",,,,,"Ball 1959",,,,"species","Animalia","Arthropoda","Insecta","Coleoptera","Carabidae","Harpalinae","Licinini",,"Dicaelus","Paradicaelus","teter",""
"Dicheirotrichus cognatus",,,,,"Lindroth 1969",,,,"species","Animalia","Arthropoda","Insecta","Coleoptera","Carabidae","Harpalinae","Harpalini",,"Dicheirotrichus","Trichocellus","cognatus",""
"Diplocheila crossi",,,,,"Will 1998",,,,"species","Animalia","Arthropoda","Insecta","Coleoptera","Carabidae","Harpalinae","Licinini",,"Diplocheila","Isorembus","crossi",""
"Diplocheila obtusa",,,,,"Ball 1992",,,,"species","Animalia","Arthropoda","Insecta","Coleoptera","Carabidae","Harpalinae","Licinini",,"Diplocheila","Isorembus","obtusa",""
"Discoderus cordicollis",,,,,"other",,,,"species","Animalia","Arthropoda","Insecta","Coleoptera","Carabidae","Harpalinae","Harpalini",,"Discoderus","","cordicollis",""
"Discoderus impotens",,,,,"Other",,,,"species","Animalia","Arthropoda","Insecta","Coleoptera","Carabidae","Harpalinae","Harpalini",,"Discoderus","","impotens",""
"Discoderus parallelus",,,,,"Lindroth 1969",,,,"species","Animalia","Arthropoda","Insecta","Coleoptera","Carabidae","Harpalinae","Harpalini",,"Discoderus","","parallelus",""
"Dromochorus belfragei",,,,"subapterous","Pearson et al 2006",,"Larochelle and Lariviere 2001",,"species","Animalia","Arthropoda","Insecta","Coleoptera","Carabidae","Cicindelinae","Cicindelini",,"Dromochorus","","belfragei",""
"Dromochorus pruininus",,,,"flightless","Pearson et al 2006",,"Larochelle and Lariviere 2001",,"species","Animalia","Arthropoda","Insecta","Coleoptera","Carabidae","Cicindelinae","Cicindelini",,"Dromochorus","","pruininus",""
"Dyschirius globulosus",,,,,"Bousquet 1988",,,,"species","Animalia","Arthropoda","Insecta","Coleoptera","Carabidae","Scaritinae","Dyschiriini",,"Dyschirius","Dyschiriodes","globulosus",""
"Dyschirius melancholicus",,,,,"Bousquet 1988",,,,"species","Animalia","Arthropoda","Insecta","Coleoptera","Carabidae","Scaritinae","Dyschiriini",,"Dyschirius","","melancholicus",""
"Dyschirius pilosus",,,,,"Bousquet 1988",,,,"species","Animalia","Arthropoda","Insecta","Coleoptera","Carabidae","Scaritinae","Dyschiriini",,"Dyschirius","Dyschiriodes","pilosus",""
"Dyschirius planatus",,,,,"Bousquet 1988",,,,"species","Animalia","Arthropoda","Insecta","Coleoptera","Carabidae","Scaritinae","Dyschiriini",,"Dyschirius","Dyschiriodes","planatus",""
"Dyschirius tenuispinus",,,,,"Bousquet 1988",,,,"species","Animalia","Arthropoda","Insecta","Coleoptera","Carabidae","Scaritinae","Dyschiriini",,"Dyschirius","Eudyschirius","tenuispinus",""
"Elaphropus anceps",,,,,"Lindroth 1969",,,,"species","Animalia","Arthropoda","Insecta","Coleoptera","Carabidae","Trechinae","Bembidiini",,"Elaphropus","Barytachys","anceps",""
"Elaphropus granarius",,,,,"Lindroth 1969",,,,"species","Animalia","Arthropoda","Insecta","Coleoptera","Carabidae","Trechinae","Bembidiini",,"Elaphropus","Barytachys","granarius",""
"Elaphropus incurvus",,,,,"Lindroth 1969",,,,"species","Animalia","Arthropoda","Insecta","Coleoptera","Carabidae","Trechinae","Bembidiini",,"Elaphropus","Barytachys","incurvus",""
"Elaphropus saturatus",,,,,"Lindroth 1969",,,,"species","Animalia","Arthropoda","Insecta","Coleoptera","Carabidae","Trechinae","Bembidiini",,"Elaphropus","Barytachys","saturatus",""
"Elaphropus vernicatus",,,,,"Lindroth 1969",,,,"species","Animalia","Arthropoda","Insecta","Coleoptera","Carabidae","Trechinae","Bembidiini",,"Elaphropus","Barytachys","vernicatus",""
"Elaphropus xanthopus",,,,,"Lindroth 1969",,,,"species","Animalia","Arthropoda","Insecta","Coleoptera","Carabidae","Trechinae","Bembidiini",,"Elaphropus","Barytachys","xanthopus",""
"Elaphrus clairvillei",,,,,"Goulet 1983",,,,"species","Animalia","Arthropoda","Insecta","Coleoptera","Carabidae","Elaphrinae","Elaphrini",,"Elaphrus","Neoelaphrus","clairvillei",""
"Elaphrus lapponicus lapponicus",,,,,"Lindroth 1969",,,,"subspecies","Animalia","Arthropoda","Insecta","Coleoptera","Carabidae","Elaphrinae","Elaphrini",,"Elaphrus","Arctelaphrus","lapponicus","lapponicus"
"Euryderus grossus",,,,,"Lindroth 1969",,,,"species","Animalia","Arthropoda","Insecta","Coleoptera","Carabidae","Harpalinae","Harpalini",,"Euryderus","","grossus",""
"Galerita atripes",,,,,"Ball and Nimmo 1983",,,,"species","Animalia","Arthropoda","Insecta","Coleoptera","Carabidae","Harpalinae","Galeritini",,"Galerita","Progaleritina","atripes",""
"Galerita bicolor",,,,,"Ball and Nimmo 1983",,,,"species","Animalia","Arthropoda","Insecta","Coleoptera","Carabidae","Harpalinae","Galeritini",,"Galerita","Progaleritina","bicolor",""
"Galerita janus",,,,,"Ball and Nimmo 1983",,,,"species","Animalia","Arthropoda","Insecta","Coleoptera","Carabidae","Harpalinae","Galeritini",,"Galerita","Progaleritina","janus",""
"Galerita lecontei lecontei",,,,,"Ball and Nimmo 1983",,,,"subspecies","Animalia","Arthropoda","Insecta","Coleoptera","Carabidae","Harpalinae","Galeritini",,"Galerita","Progaleritina","lecontei","lecontei"
"Gastrellarius blanchardi",,,,,"Darlington 1932",,,,"species","Animalia","Arthropoda","Insecta","Coleoptera","Carabidae","Harpalinae","Pterostichini",,"Gastrellarius","","blanchardi",""
"Gastrellarius honestus",,,,,"Lindroth 1969",,,,"species","Animalia","Arthropoda","Insecta","Coleoptera","Carabidae","Harpalinae","Pterostichini",,"Gastrellarius","","honestus",""
"Harpalus amputatus amputatus",,,,,"Lindroth 1969",,,,"subspecies","Animalia","Arthropoda","Insecta","Coleoptera","Carabidae","Harpalinae","Harpalini",,"Harpalus","Harpalus","amputatus","amputatus"
"Harpalus animosus",,,,,"Noonan 1991",,,,"species","Animalia","Arthropoda","Insecta","Coleoptera","Carabidae","Harpalinae","Harpalini",,"Harpalus","Opadius","animosus",""
"Harpalus caliginosus",,,,,"Will 1997",,,,"species","Animalia","Arthropoda","Insecta","Coleoptera","Carabidae","Harpalinae","Harpalini",,"Harpalus","Megapangus","caliginosus",""
"Harpalus compar",,,,,"Ball 1962",,,,"species","Animalia","Arthropoda","Insecta","Coleoptera","Carabidae","Harpalinae","Harpalini",,"Harpalus","Pseudoophonus","compar",""
"Harpalus cordatus",,,,,"Noonan 1991",,,,"species","Animalia","Arthropoda","Insecta","Coleoptera","Carabidae","Harpalinae","Harpalini",,"Harpalus","Opadius","cordatus",""
"Harpalus desertus",,,,,"Noonan 1991",,,,"species","Animalia","Arthropoda","Insecta","Coleoptera","Carabidae","Harpalinae","Harpalini",,"Harpalus","Opadius","desertus",""
"Harpalus ellipsis",,,,,"Lindroth 1969",,,,"species","Animalia","Arthropoda","Insecta","Coleoptera","Carabidae","Harpalinae","Harpalini",,"Harpalus","Harpalus","ellipsis",""
"Harpalus erraticus",,,,,"Noonan 1991",,,,"species","Animalia","Arthropoda","Insecta","Coleoptera","Carabidae","Harpalinae","Harpalini",,"Harpalus","Plectralidus","erraticus",""
"Harpalus erythropus",,,,,"Ball 1962",,,,"species","Animalia","Arthropoda","Insecta","Coleoptera","Carabidae","Harpalinae","Harpalini",,"Harpalus","Pseudoophonus","erythropus",""
"Harpalus faunus",,,,,"Ball 1962",,,,"species","Animalia","Arthropoda","Insecta","Coleoptera","Carabidae","Harpalinae","Harpalini",,"Harpalus","Pseudoophonus","faunus",""
"Harpalus fraternus",,,,,"Noonan 1991",,,,"species","Animalia","Arthropoda","Insecta","Coleoptera","Carabidae","Harpalinae","Harpalini",,"Harpalus","Opadius","fraternus",""
"Harpalus fulvilabris",,,,,"Noonan 1991",,,,"species","Animalia","Arthropoda","Insecta","Coleoptera","Carabidae","Harpalinae","Harpalini",,"Harpalus","Opadius","fulvilabris",""
"Harpalus fuscipalpis",,,,,"Lindroth 1969",,,,"species","Animalia","Arthropoda","Insecta","Coleoptera","Carabidae","Harpalinae","Harpalini",,"Harpalus","Harpalobius","fuscipalpis",""
"Harpalus hatchi",,,,,"Ball 1962",,,,"species","Animalia","Arthropoda","Insecta","Coleoptera","Carabidae","Harpalinae","Harpalini",,"Harpalus","Pseudoophonus","hatchi",""
"Harpalus herbivagus",,,,,"Noonan 1991",,,,"species","Animalia","Arthropoda","Insecta","Coleoptera","Carabidae","Harpalinae","Harpalini",,"Harpalus","Harpalus","herbivagus",""
"Harpalus indigens",,,,,"Noonan 1991",,,,"species","Animalia","Arthropoda","Insecta","Coleoptera","Carabidae","Harpalinae","Harpalini",,"Harpalus","Opadius","indigens",""
"Harpalus katiae",,,,,"Will 2001",,,,"species","Animalia","Arthropoda","Insecta","Coleoptera","Carabidae","Harpalinae","Harpalini",,"Harpalus","Megapangus","katiae",""
"Harpalus laticeps",,,,,"Noonan 1991",,,,"species","Animalia","Arthropoda","Insecta","Coleoptera","Carabidae","Harpalinae","Harpalini",,"Harpalus","Opadius","laticeps",""
"Harpalus nigritarsis",,,,,"Lindroth 1969",,,,"species","Animalia","Arthropoda","Insecta","Coleoptera","Carabidae","Harpalinae","Harpalini",,"Harpalus","Opadius","nigritarsis",""
"Harpalus obliquus",,,,,"Ball 1972",,,,"species","Animalia","Arthropoda","Insecta","Coleoptera","Carabidae","Harpalinae","Harpalini",,"Harpalus","Glanodes","obliquus",""
"Harpalus opacipennis",,,,,"Noonan 1991",,,,"species","Animalia","Arthropoda","Insecta","Coleoptera","Carabidae","Harpalinae","Harpalini",,"Harpalus","Harpalus","opacipennis",""
"Harpalus paratus",,,,,"Ball 1962",,,,"species","Animalia","Arthropoda","Insecta","Coleoptera","Carabidae","Harpalinae","Harpalini",,"Harpalus","Pseudoophonus","paratus",""
"Harpalus pensylvanicus",,,,,"Ball 1962",,,,"species","Animalia","Arthropoda","Insecta","Coleoptera","Carabidae","Harpalinae","Harpalini",,"Harpalus","Pseudoophonus","pensylvanicus",""
"Harpalus pensylvanicus/texanus",,,,,"Ball 1962",,,,"speciesGroup","Animalia","Arthropoda","Insecta","Coleoptera","Carabidae","Harpalinae","Harpalini",,"Harpalus","Pseudoophonus","pensylvanicus/texanus",""
"Harpalus protractus",,,,,"Ball 1962",,,,"species","Animalia","Arthropoda","Insecta","Coleoptera","Carabidae","Harpalinae","Harpalini",,"Harpalus","Pseudoophonus","protractus",""
"Harpalus providens",,,,,"Noonan 1991",,,,"species","Animalia","Arthropoda","Insecta","Coleoptera","Carabidae","Harpalinae","Harpalini",,"Harpalus","Opadius","providens",""
"Harpalus retractus",,,,,"Lindroth 1969",,,,"species","Animalia","Arthropoda","Insecta","Coleoptera","Carabidae","Harpalinae","Harpalini",,"Harpalus","Plectralidus","retractus",""
"Harpalus reversus",,,,,"Lindroth 1969",,,,"species","Animalia","Arthropoda","Insecta","Coleoptera","Carabidae","Harpalinae","Harpalini",,"Harpalus","Opadius","reversus",""
"Harpalus rubripes",,,,,"Noonan 1991",,,,"species","Animalia","Arthropoda","Insecta","Coleoptera","Carabidae","Harpalinae","Harpalini",,"Harpalus","Harpalus","rubripes",""
"Harpalus solitaris",,,,,"Lindroth 1969",,,,"species","Animalia","Arthropoda","Insecta","Coleoptera","Carabidae","Harpalinae","Harpalini",,"Harpalus","Harpalus","solitaris",""
"Harpalus somnulentus",,,,,"Noonan 1991",,,,"species","Animalia","Arthropoda","Insecta","Coleoptera","Carabidae","Harpalinae","Harpalini",,"Harpalus","Harpalus","somnulentus",""
"Harpalus spadiceus",,,,,"Noonan 1991",,,,"species","Animalia","Arthropoda","Insecta","Coleoptera","Carabidae","Harpalinae","Harpalini",,"Harpalus","Opadius","spadiceus",""
"Harpalus vagans",,,,,"Ball 1962",,,,"species","Animalia","Arthropoda","Insecta","Coleoptera","Carabidae","Harpalinae","Harpalini",,"Harpalus","Pseudoophonus","vagans",""
"Harpalus ventralis",,,,,"Noonan 1991",,,,"species","Animalia","Arthropoda","Insecta","Coleoptera","Carabidae","Harpalinae","Harpalini",,"Harpalus","Opadius","ventralis",""
"Helluomorphoides clairvillei",,,,,"Ball 1956",,,,"species","Animalia","Arthropoda","Insecta","Coleoptera","Carabidae","Harpalinae","Helluonini",,"Helluomorphoides","","clairvillei",""
"Helluomorphoides ferrugineus",,,,,"Ball 1956",,,,"species","Animalia","Arthropoda","Insecta","Coleoptera","Carabidae","Harpalinae","Helluonini",,"Helluomorphoides","","ferrugineus",""
"Helluomorphoides latitarsis",,,,,"Ball 1956",,,,"species","Animalia","Arthropoda","Insecta","Coleoptera","Carabidae","Harpalinae","Helluonini",,"Helluomorphoides","","latitarsis",""
"Helluomorphoides nigripennis",,,,,"Ball 1956",,,,"species","Animalia","Arthropoda","Insecta","Coleoptera","Carabidae","Harpalinae","Helluonini",,"Helluomorphoides","","nigripennis",""
"Helluomorphoides papago",,,,,"Ball 1956",,,,"species","Animalia","Arthropoda","Insecta","Coleoptera","Carabidae","Harpalinae","Helluonini",,"Helluomorphoides","","papago",""
"Helluomorphoides praeustus",,,,,"Ball 1956",,,,"species","Animalia","Arthropoda","Insecta","Coleoptera","Carabidae","Harpalinae","Helluonini",,"Helluomorphoides","","praeustus",""
"Helluomorphoides praeustus bicolor",,,,,"Ball 1956",,,,"subspecies","Animalia","Arthropoda","Insecta","Coleoptera","Carabidae","Harpalinae","Helluonini",,"Helluomorphoides","","praeustus","bicolor"
"Helluomorphoides praeustus floridanus",,,,,"Ball 1956",,,,"subspecies","Animalia","Arthropoda","Insecta","Coleoptera","Carabidae","Harpalinae","Helluonini",,"Helluomorphoides","","praeustus","floridanus"
"Helluomorphoides texanus",,,,,"Ball 1956",,,,"species","Animalia","Arthropoda","Insecta","Coleoptera","Carabidae","Harpalinae","Helluonini",,"Helluomorphoides","","texanus",""
"Lebia pulchella",,,,,"Madge 1967",,,,"species","Animalia","Arthropoda","Insecta","Coleoptera","Carabidae","Harpalinae","Lebiini",,"Lebia","Lebia","pulchella",""
"Lebia subgrandis",,,,,"Madge 1967",,,,"species","Animalia","Arthropoda","Insecta","Coleoptera","Carabidae","Harpalinae","Lebiini",,"Lebia","Loxopeza","subgrandis",""
"Lebia viridis",,,,,"Madge 1967",,,,"species","Animalia","Arthropoda","Insecta","Coleoptera","Carabidae","Harpalinae","Lebiini",,"Lebia","Lebia","viridis",""
"Lophoglossus haldemanni",,,,,"Will 1999",,,,"species","Animalia","Arthropoda","Insecta","Coleoptera","Carabidae","Harpalinae","Pterostichini",,"Lophoglossus","","haldemanni",""
"Loricera pilicornis",,,,,"Lindroth 1969",,,,"species","Animalia","Arthropoda","Insecta","Coleoptera","Carabidae","Loricerinae","Loricerini",,"Loricera","Loricera","pilicornis",""
"Loricera pilicornis pilicornis",,,,,"Ball and Erwin 1969",,,,"subspecies","Animalia","Arthropoda","Insecta","Coleoptera","Carabidae","Loricerinae","Loricerini",,"Loricera","Loricera","pilicornis","pilicornis"
"Loxandrus cincinnati",,,,,"Allen 1972",,,,"species","Animalia","Arthropoda","Insecta","Coleoptera","Carabidae","Harpalinae","Abacetini",,"Loxandrus","","cincinnati",""
"Loxandrus crenatus",,,,,"Allen 1972",,,,"species","Animalia","Arthropoda","Insecta","Coleoptera","Carabidae","Harpalinae","Abacetini",,"Loxandrus","","crenatus",""
"Loxandrus rectus",,,,,"Allen 1972",,,,"species","Animalia","Arthropoda","Insecta","Coleoptera","Carabidae","Harpalinae","Abacetini",,"Loxandrus","","rectus",""
"Loxandrus vulneratus",,,,,"Allen 1972",,,,"species","Animalia","Arthropoda","Insecta","Coleoptera","Carabidae","Harpalinae","Abacetini",,"Loxandrus","","vulneratus",""
"Micrixys distincta",,,,,"Arnett and Thomas 2001",,,,"species","Animalia","Arthropoda","Insecta","Coleoptera","Carabidae","Harpalinae","Panagaeini",,"Micrixys","","distincta",""
"Microlestes linearis",,,,,"Lindroth 1969",,,,"species","Animalia","Arthropoda","Insecta","Coleoptera","Carabidae","Harpalinae","Lebiini",,"Microlestes","","linearis",""
"Microlestes nigrinus",,,,,"Lindroth 1969",,,,"species","Animalia","Arthropoda","Insecta","Coleoptera","Carabidae","Harpalinae","Lebiini",,"Microlestes","","nigrinus",""
"Morion monilicornis",,,,,"Allen 1968",,,,"species","Animalia","Arthropoda","Insecta","Coleoptera","Carabidae","Harpalinae","Morionini",,"Morion","","monilicornis",""
"Myas coracinus",,,,,"Lindroth 1969",,,,"species","Animalia","Arthropoda","Insecta","Coleoptera","Carabidae","Harpalinae","Pterostichini",,"Myas","Trigonognatha","coracinus",""
"Myas cyanescens",,,,,"Lindroth 1969",,,,"species","Animalia","Arthropoda","Insecta","Coleoptera","Carabidae","Harpalinae","Pterostichini",,"Myas","Trigonognatha","cyanescens",""
"Nebria trifaria",,,,,"Lindroth 1969",,,,"species","Animalia","Arthropoda","Insecta","Coleoptera","Carabidae","Nebriinae","Nebriini",,"Nebria","Catonebria","trifaria",""
"Notiobia nitidipennis",,,,,"Noonan 1973",,,,"species","Animalia","Arthropoda","Insecta","Coleoptera","Carabidae","Harpalinae","Harpalini",,"Notiobia","Anisotarsus","nitidipennis",""
"Notiobia terminata",,,,,"Noonan 1973",,,,"species","Animalia","Arthropoda","Insecta","Coleoptera","Carabidae","Harpalinae","Harpalini",,"Notiobia","Anisotarsus","terminata",""
"Notiophilus aeneus",,,,,"Lindroth 1969",,,,"species","Animalia","Arthropoda","Insecta","Coleoptera","Carabidae","Nebriinae","Notiophilini",,"Notiophilus","","aeneus",""
"Notiophilus aquaticus",,,,,"Lindroth 1969",,,,"species","Animalia","Arthropoda","Insecta","Coleoptera","Carabidae","Nebriinae","Notiophilini",,"Notiophilus","","aquaticus",""
"Notiophilus directus",,,,,"Lindroth 1969",,,,"species","Animalia","Arthropoda","Insecta","Coleoptera","Carabidae","Nebriinae","Notiophilini",,"Notiophilus","","directus",""
"Notiophilus novemstriatus",,,,,"Lindroth 1969",,,,"species","Animalia","Arthropoda","Insecta","Coleoptera","Carabidae","Nebriinae","Notiophilini",,"Notiophilus","","novemstriatus",""
"Notiophilus semiopacus",,,,,"Lindroth 1969",,,,"species","Animalia","Arthropoda","Insecta","Coleoptera","Carabidae","Nebriinae","Notiophilini",,"Notiophilus","","semiopacus",""
"Notiophilus semistriatus",,,,,"Lindroth 1969",,,,"species","Animalia","Arthropoda","Insecta","Coleoptera","Carabidae","Nebriinae","Notiophilini",,"Notiophilus","","semistriatus",""
"Notiophilus sylvaticus",,,,,"Lindroth 1969",,,,"species","Animalia","Arthropoda","Insecta","Coleoptera","Carabidae","Nebriinae","Notiophilini",,"Notiophilus","","sylvaticus",""
"Olisthopus parmatus",,,,,"Bousquet 2010b",,,,"species","Animalia","Arthropoda","Insecta","Coleoptera","Carabidae","Harpalinae","Platynini",,"Olisthopus","","parmatus",""
"Oodes brevis",,,,,"Bousquet 1996",,,,"species","Animalia","Arthropoda","Insecta","Coleoptera","Carabidae","Harpalinae","Oodini",,"Oodes","","brevis",""
"Oxypselaphus pusillus",,,,,"Lindroth 1969",,,,"species","Animalia","Arthropoda","Insecta","Coleoptera","Carabidae","Harpalinae","Platynini",,"Oxypselaphus","","pusillus",""
"Panagaeus fasciatus",,,,,"Lindroth 1969",,,,"species","Animalia","Arthropoda","Insecta","Coleoptera","Carabidae","Harpalinae","Panagaeini",,"Panagaeus","Hologaeus","fasciatus",""
"Paraclivina bipustulata",,,,,"Lindroth 1969",,,,"species","Animalia","Arthropoda","Insecta","Coleoptera","Carabidae","Scaritinae","Clivinini",,"Paraclivina","","bipustulata",""
"Paraclivina striatopunctata",,,,,"Putzeys 1867",,,,"species","Animalia","Arthropoda","Insecta","Coleoptera","Carabidae","Scaritinae","Clivinini",,"Paraclivina","","striatopunctata",""
"Paraclivina sulcipennis",,,,,"Putzeys 1867",,,,"species","Animalia","Arthropoda","Insecta","Coleoptera","Carabidae","Scaritinae","Clivinini",,"Paraclivina","","sulcipennis",""
"Pasimachus californicus",,,,,"Banninger 1950",,,,"species","Animalia","Arthropoda","Insecta","Coleoptera","Carabidae","Scaritinae","Pasimachini",,"Pasimachus","Pasimachus","californicus",""
"Pasimachus depressus",,,,,"Banninger 1950",,,,"species","Animalia","Arthropoda","Insecta","Coleoptera","Carabidae","Scaritinae","Pasimachini",,"Pasimachus","Pasimachus","depressus",""
"Pasimachus elongatus",,,,,"Banninger 1950",,,,"species","Animalia","Arthropoda","Insecta","Coleoptera","Carabidae","Scaritinae","Pasimachini",,"Pasimachus","Pasimachus","elongatus",""
"Pasimachus marginatus",,,,,"Banninger 1950",,,,"species","Animalia","Arthropoda","Insecta","Coleoptera","Carabidae","Scaritinae","Pasimachini",,"Pasimachus","Pasimachus","marginatus",""
"Pasimachus obsoletus",,,,,"Banninger 1950",,,,"species","Animalia","Arthropoda","Insecta","Coleoptera","Carabidae","Scaritinae","Pasimachini",,"Pasimachus","Pasimachus","obsoletus",""
"Pasimachus punctulatus",,,,,"Banninger 1950",,,,"species","Animalia","Arthropoda","Insecta","Coleoptera","Carabidae","Scaritinae","Pasimachini",,"Pasimachus","Pasimachus","punctulatus",""
"Pasimachus strenuus",,,,,"Banninger 1950",,,,"species","Animalia","Arthropoda","Insecta","Coleoptera","Carabidae","Scaritinae","Pasimachini",,"Pasimachus","Pasimachus","strenuus",""
"Pasimachus sublaevis",,,,,"Banninger 1950",,,,"species","Animalia","Arthropoda","Insecta","Coleoptera","Carabidae","Scaritinae","Pasimachini",,"Pasimachus","Pasimachus","sublaevis",""
"Pasimachus subsulcatus",,,,,"Banninger 1950",,,,"species","Animalia","Arthropoda","Insecta","Coleoptera","Carabidae","Scaritinae","Pasimachini",,"Pasimachus","Pasimachus","subsulcatus",""
"Patrobus lecontei",,,,,"Lindroth 1969",,,,"species","Animalia","Arthropoda","Insecta","Coleoptera","Carabidae","Patrobinae","Patrobini",,"Patrobus","","lecontei",""
"Patrobus longicornis",,,,,"Lindroth 1969",,,,"species","Animalia","Arthropoda","Insecta","Coleoptera","Carabidae","Patrobinae","Patrobini",,"Patrobus","","longicornis",""
"Pentagonica picticornis",,,,,"Lindroth 1969",,,,"species","Animalia","Arthropoda","Insecta","Coleoptera","Carabidae","Harpalinae","Pentagonicini",,"Pentagonica","","picticornis",""
"Piosoma setosum",,,,,"Lindroth 1969",,,,"species","Animalia","Arthropoda","Insecta","Coleoptera","Carabidae","Harpalinae","Harpalini",,"Piosoma","","setosum",""
"Platynus decentis",,,,,"Liebherr and Will 1996",,,,"species","Animalia","Arthropoda","Insecta","Coleoptera","Carabidae","Harpalinae","Platynini",,"Platynus","Platynus","decentis",""
"Platynus indecentis",,,,,"Liebherr and Will 1996",,,,"species","Animalia","Arthropoda","Insecta","Coleoptera","Carabidae","Harpalinae","Platynini",,"Platynus","Platynus","indecentis",""
"Platynus mannerheimii",,,,,"Liebherr and Will 1996",,,,"species","Animalia","Arthropoda","Insecta","Coleoptera","Carabidae","Harpalinae","Platynini",,"Platynus","Batenus","mannerheimii",""
"Platynus ovipennis",,,,,"Liebherr and Will 1996",,,,"species","Animalia","Arthropoda","Insecta","Coleoptera","Carabidae","Harpalinae","Platynini",,"Platynus","Platynus","ovipennis",""
"Poecilus chalcites",,,,,"Lindroth 1969",,,,"species","Animalia","Arthropoda","Insecta","Coleoptera","Carabidae","Harpalinae","Pterostichini",,"Poecilus","Poecilus","chalcites",""
"Poecilus lucublandus",,,,,"Lindroth 1969",,,,"species","Animalia","Arthropoda","Insecta","Coleoptera","Carabidae","Harpalinae","Pterostichini",,"Poecilus","Poecilus","lucublandus",""
"Poecilus scitulus",,,,,"Lindroth 1969",,,,"species","Animalia","Arthropoda","Insecta","Coleoptera","Carabidae","Harpalinae","Pterostichini",,"Poecilus","Poecilus","scitulus",""
"Polyderis laeva",,,,,"Lindroth 1969",,,,"species","Animalia","Arthropoda","Insecta","Coleoptera","Carabidae","Trechinae","Bembidiini",,"Polyderis","","laeva",""
"Promecognathus crassus",,,,,"Lindroth 1969",,,,"species","Animalia","Arthropoda","Insecta","Coleoptera","Carabidae","Scaritinae","Promecognathini",,"Promecognathus","","crassus",""
"Pseudomorpha castanea",,,,,"Notman 1925",,,,"species","Animalia","Arthropoda","Insecta","Coleoptera","Carabidae","Harpalinae","Pseudomorphini",,"Pseudomorpha","Pseudomorpha","castanea",""
"Pterostichus acutipes",,,,,"Barr 1971c",,,,"species","Animalia","Arthropoda","Insecta","Coleoptera","Carabidae","Harpalinae","Pterostichini",,"Pterostichus","Cylindrocharis","acutipes",""
"Pterostichus acutipes acutipes",,,,,"Barr 1971c",,,,"subspecies","Animalia","Arthropoda","Insecta","Coleoptera","Carabidae","Harpalinae","Pterostichini",,"Pterostichus","Cylindrocharis","acutipes","acutipes"
"Pterostichus adoxus",,,,,"Perrault 1973",,,,"species","Animalia","Arthropoda","Insecta","Coleoptera","Carabidae","Harpalinae","Pterostichini",,"Pterostichus","Hypherpes","adoxus",""
"Pterostichus atratus",,,,,"Lindroth 1969",,,,"species","Animalia","Arthropoda","Insecta","Coleoptera","Carabidae","Harpalinae","Pterostichini",,"Pterostichus","Abacidus","atratus",""
"Pterostichus brevicornis brevicornis",,,,,"Ball 1966",,,,"subspecies","Animalia","Arthropoda","Insecta","Coleoptera","Carabidae","Harpalinae","Pterostichini",,"Pterostichus","Criobius","brevicornis","brevicornis"
"Pterostichus bryanti tiliaceoradix",,,,,"Ball 1966",,,,"subspecies","Animalia","Arthropoda","Insecta","Coleoptera","Carabidae","Harpalinae","Pterostichini",,"Pterostichus","Criobius","bryanti","tiliaceoradix"
"Pterostichus commutabilis",,,,,"Bousquet and Webster 2004",,,,"species","Animalia","Arthropoda","Insecta","Coleoptera","Carabidae","Harpalinae","Pterostichini",,"Pterostichus","Argutor","commutabilis",""
"Pterostichus femoralis",,,,,"Lindroth 1969",,,,"species","Animalia","Arthropoda","Insecta","Coleoptera","Carabidae","Harpalinae","Pterostichini",,"Pterostichus","Phonias","femoralis",""
"Pterostichus herculaneus",,,,,"Lindroth 1969",,,,"species","Animalia","Arthropoda","Insecta","Coleoptera","Carabidae","Harpalinae","Pterostichini",,"Pterostichus","Hypherpes","herculaneus",""
"Pterostichus luctuosus",,,,,"Bousquet and Pilon 1984",,,,"species","Animalia","Arthropoda","Insecta","Coleoptera","Carabidae","Harpalinae","Pterostichini",,"Pterostichus","Pseudomaseus","luctuosus",""
"Pterostichus melanarius melanarius",,,,,"Lindroth 1969",,,,"subspecies","Animalia","Arthropoda","Insecta","Coleoptera","Carabidae","Harpalinae","Pterostichini",,"Pterostichus","Morphnosoma","melanarius","melanarius"
"Pterostichus ophryoderus",,,,,"Bousquet 1992",,,,"species","Animalia","Arthropoda","Insecta","Coleoptera","Carabidae","Harpalinae","Pterostichini",,"Pterostichus","Gastrosticta","ophryoderus",""
"Pterostichus ordinarius",,,,,"Casey 1913",,,,"species","Animalia","Arthropoda","Insecta","Coleoptera","Carabidae","Harpalinae","Pterostichini",,"Pterostichus","Hypherpes","ordinarius",""
"Pterostichus panticulatus",,,,,"Casey 1913",,,,"species","Animalia","Arthropoda","Insecta","Coleoptera","Carabidae","Harpalinae","Pterostichini",,"Pterostichus","Hypherpes","panticulatus",""
"Pterostichus permundus",,,,,"Lindroth 1969",,,,"species","Animalia","Arthropoda","Insecta","Coleoptera","Carabidae","Harpalinae","Pterostichini",,"Pterostichus","Abacidus","permundus",""
"Pterostichus pumilus pumilus",,,,,"Will 2016",,,,"subspecies","Animalia","Arthropoda","Insecta","Coleoptera","Carabidae","Harpalinae","Pterostichini",,"Pterostichus","Leptoferonia","pumilus","pumilus"
"Pterostichus restrictus",,,,,"Casey 1918",,,,"species","Animalia","Arthropoda","Insecta","Coleoptera","Carabidae","Harpalinae","Pterostichini",,"Pterostichus","Hypherpes","restrictus",""
"Pterostichus sayanus",,,,,"Lindroth 1969",,,,"species","Animalia","Arthropoda","Insecta","Coleoptera","Carabidae","Harpalinae","Pterostichini",,"Pterostichus","Gastrosticta","sayanus",""
"Pterostichus sculptus",,,,,"Lindroth 1969",,,,"species","Animalia","Arthropoda","Insecta","Coleoptera","Carabidae","Harpalinae","Pterostichini",,"Pterostichus","Abacidus","sculptus",""
"Pterostichus tareumiut",,,,,"Ball 1966",,,,"species","Animalia","Arthropoda","Insecta","Coleoptera","Carabidae","Harpalinae","Pterostichini",,"Pterostichus","Criobius","tareumiut",""
"Pterostichus tenuis",,,,,"Bousquet and Pilon 1984",,,,"species","Animalia","Arthropoda","Insecta","Coleoptera","Carabidae","Harpalinae","Pterostichini",,"Pterostichus","Pseudomaseus","tenuis",""
"Pterostichus trinarius",,,,,"Lindroth 1969",,,,"species","Animalia","Arthropoda","Insecta","Coleoptera","Carabidae","Harpalinae","Pterostichini",,"Pterostichus","Bothriopterus","trinarius",""
"Pterostichus tristis",,,,,"Perrault 1973",,,,"species","Animalia","Arthropoda","Insecta","Coleoptera","Carabidae","Harpalinae","Pterostichini",,"Pterostichus","Hypherpes","tristis",""
"Pterostichus ventralis",,,,,"Bousquet 1992",,,,"species","Animalia","Arthropoda","Insecta","Coleoptera","Carabidae","Harpalinae","Pterostichini",,"Pterostichus","Gastrosticta","ventralis",""
"Pterostichus ventricosus ventricosus",,,,,"Ball 1966",,,,"subspecies","Animalia","Arthropoda","Insecta","Coleoptera","Carabidae","Harpalinae","Pterostichini",,"Pterostichus","Criobius","ventricosus","ventricosus"
"Rhadine larvalis",,,,,"other",,,,"species","Animalia","Arthropoda","Insecta","Coleoptera","Carabidae","Harpalinae","Platynini",,"Rhadine","","larvalis",""
"Rhadine lindrothi",,,,,"Lindroth 1969",,,,"species","Animalia","Arthropoda","Insecta","Coleoptera","Carabidae","Harpalinae","Platynini",,"Rhadine","","lindrothi",""
"Scaphinotus andrewsii",,,,,,,,,"species","Animalia","Arthropoda","Insecta","Coleoptera","Carabidae","Carabinae","Cychrini",,"Scaphinotus","Steniridia","andrewsii",""
"Scaphinotus andrewsii darlingtoni",,,,,"Valentine 1935",,,,"subspecies","Animalia","Arthropoda","Insecta","Coleoptera","Carabidae","Carabinae","Cychrini",,"Scaphinotus","Steniridia","andrewsii","darlingtoni"
"Scaphinotus angulatus",,,,,"Gidaspow 1973",,,,"species","Animalia","Arthropoda","Insecta","Coleoptera","Carabidae","Carabinae","Cychrini",,"Scaphinotus","Neocychrus","angulatus",""
"Scaphinotus angusticollis",,,,,"Gidaspow 1973",,,,"species","Animalia","Arthropoda","Insecta","Coleoptera","Carabidae","Carabinae","Cychrini",,"Scaphinotus","Stenocantharus","angusticollis",""
"Scaphinotus guyotii",,,,,"Valentine 1935",,,,"species","Animalia","Arthropoda","Insecta","Coleoptera","Carabidae","Carabinae","Cychrini",,"Scaphinotus","Steniridia","guyotii",""
"Scaphinotus marginatus",,,,,"Gidaspow 1968",,,,"species","Animalia","Arthropoda","Insecta","Coleoptera","Carabidae","Carabinae","Cychrini",,"Scaphinotus","Brennus","marginatus",""
"Scaphinotus unicolor",,,,,"Van Dyke 1938",,,,"species","Animalia","Arthropoda","Insecta","Coleoptera","Carabidae","Carabinae","Cychrini",,"Scaphinotus","Scaphinotus","unicolor",""
"Scaphinotus viduus",,,,,"Lindroth 1969",,,,"species","Animalia","Arthropoda","Insecta","Coleoptera","Carabidae","Carabinae","Cychrini",,"Scaphinotus","Irichroa","viduus",""
"Scarites ocalensis",,,,,"Bousquet and Skelley 2010",,,,"species","Animalia","Arthropoda","Insecta","Coleoptera","Carabidae","Scaritinae","Scaritini",,"Scarites","Scarites","ocalensis",""
"Scarites quadriceps",,,,,"Bousquet and Skelley 2010",,,,"species","Animalia","Arthropoda","Insecta","Coleoptera","Carabidae","Scaritinae","Scaritini",,"Scarites","Scarites","quadriceps",""
"Scarites subterraneus",,,,,"Bousquet and Skelley 2010",,,,"species","Animalia","Arthropoda","Insecta","Coleoptera","Carabidae","Scaritinae","Scaritini",,"Scarites","Scarites","subterraneus",""
"Scarites vicinus",,,,,"Bousquet and Skelley 2010",,,,"species","Animalia","Arthropoda","Insecta","Coleoptera","Carabidae","Scaritinae","Scaritini",,"Scarites","Scarites","vicinus",""
"Selenophorus aeneopiceus",,,,,"other",,,,"species","Animalia","Arthropoda","Insecta","Coleoptera","Carabidae","Harpalinae","Harpalini",,"Selenophorus","Selenophorus","aeneopiceus",""
"Selenophorus aequinoctialis",,,,,"vouchers",,,,"species","Animalia","Arthropoda","Insecta","Coleoptera","Carabidae","Harpalinae","Harpalini",,"Selenophorus","","aequinoctialis",""
"Selenophorus concinnus",,,,,"vouchers",,,,"species","Animalia","Arthropoda","Insecta","Coleoptera","Carabidae","Harpalinae","Harpalini",,"Selenophorus","Selenophorus","concinnus",""
"Selenophorus ellipticus",,,,,"Lindroth 1969",,,,"species","Animalia","Arthropoda","Insecta","Coleoptera","Carabidae","Harpalinae","Harpalini",,"Selenophorus","Celiamorphus","ellipticus",""
"Selenophorus fatuus",,,,,"Lindroth 1969",,,,"species","Animalia","Arthropoda","Insecta","Coleoptera","Carabidae","Harpalinae","Harpalini",,"Selenophorus","Selenophorus","fatuus",""
"Selenophorus fossulatus",,,,,"Lindroth 1969",,,,"species","Animalia","Arthropoda","Insecta","Coleoptera","Carabidae","Harpalinae","Harpalini",,"Selenophorus","Celiamorphus","fossulatus",""
"Selenophorus granarius",,,,,"Lindroth 1969",,,,"species","Animalia","Arthropoda","Insecta","Coleoptera","Carabidae","Harpalinae","Harpalini",,"Selenophorus","Celiamorphus","granarius",""
"Selenophorus maritimus",,,,,"Other",,,,"species","Animalia","Arthropoda","Insecta","Coleoptera","Carabidae","Harpalinae","Harpalini",,"Selenophorus","Selenophorus","maritimus",""
"Selenophorus opalinus",,,,,"Lindroth 1969",,,,"species","Animalia","Arthropoda","Insecta","Coleoptera","Carabidae","Harpalinae","Harpalini",,"Selenophorus","Selenophorus","opalinus",""
"Selenophorus palliatus",,,,,"Lindroth 1969",,,,"species","Animalia","Arthropoda","Insecta","Coleoptera","Carabidae","Harpalinae","Harpalini",,"Selenophorus","Selenophorus","palliatus",""
"Selenophorus pedicularius",,,,,"Lindroth 1969",,,,"species","Animalia","Arthropoda","Insecta","Coleoptera","Carabidae","Harpalinae","Harpalini",,"Selenophorus","Selenophorus","pedicularius",""
"Selenophorus planipennis",,,,,"Lindroth 1969",,,,"species","Animalia","Arthropoda","Insecta","Coleoptera","Carabidae","Harpalinae","Harpalini",,"Selenophorus","Selenophorus","planipennis",""
"Selenophorus propinquus",,,,,"Shpeley et al 2017",,,,"species","Animalia","Arthropoda","Insecta","Coleoptera","Carabidae","Harpalinae","Harpalini",,"Selenophorus","","propinquus",""
"Semiardistomis puncticollis",,,,,"Bousquet 2006b",,,,"species","Animalia","Arthropoda","Insecta","Coleoptera","Carabidae","Scaritinae","Clivinini",,"Semiardistomis","","puncticollis",""
"Semiardistomis viridis",,,,,"Valdes 2012",,,,"species","Animalia","Arthropoda","Insecta","Coleoptera","Carabidae","Scaritinae","Clivinini",,"Semiardistomis","","viridis",""
"Sphaeroderus bicarinatus",,,,,"Darlington 1932",,,,"species","Animalia","Arthropoda","Insecta","Coleoptera","Carabidae","Carabinae","Cychrini",,"Sphaeroderus","","bicarinatus",""
"Sphaeroderus canadensis canadensis",,,,,"Lindroth 1969",,,,"subspecies","Animalia","Arthropoda","Insecta","Coleoptera","Carabidae","Carabinae","Cychrini",,"Sphaeroderus","","canadensis","canadensis"
"Sphaeroderus canadensis lengi",,,,,"other",,,,"subspecies","Animalia","Arthropoda","Insecta","Coleoptera","Carabidae","Carabinae","Cychrini",,"Sphaeroderus","","canadensis","lengi"
"Sphaeroderus schaumii",,,,,"Barr 1974a",,,,"species","Animalia","Arthropoda","Insecta","Coleoptera","Carabidae","Carabinae","Cychrini",,"Sphaeroderus","","schaumii",""
"Sphaeroderus stenostomus lecontei",,,,,"Lindroth 1969",,,,"subspecies","Animalia","Arthropoda","Insecta","Coleoptera","Carabidae","Carabinae","Cychrini",,"Sphaeroderus","","stenostomus","lecontei"
"Sphaeroderus stenostomus stenostomus",,,,,"Lindroth 1969",,,,"subspecies","Animalia","Arthropoda","Insecta","Coleoptera","Carabidae","Carabinae","Cychrini",,"Sphaeroderus","","stenostomus","stenostomus"
"Stenocrepis mexicana",,,,,"Bousquet 1996",,,,"species","Animalia","Arthropoda","Insecta","Coleoptera","Carabidae","Harpalinae","Oodini",,"Stenocrepis","Stenous","mexicana",""
"Stenolophus carbo",,,,,"Lindroth 1969",,,,"species","Animalia","Arthropoda","Insecta","Coleoptera","Carabidae","Harpalinae","Harpalini",,"Stenolophus","Stenolophus","carbo",""
"Stenolophus comma",,,,,"Lindroth 1969",,,,"species","Animalia","Arthropoda","Insecta","Coleoptera","Carabidae","Harpalinae","Harpalini",,"Stenolophus","Agonoderus","comma",""
"Stenolophus dissimilis",,,,,"Lindroth 1969",,,,"species","Animalia","Arthropoda","Insecta","Coleoptera","Carabidae","Harpalinae","Harpalini",,"Stenolophus","Stenolophus","dissimilis",""
"Stenolophus ochropezus",,,,,"Lindroth 1969",,,,"species","Animalia","Arthropoda","Insecta","Coleoptera","Carabidae","Harpalinae","Harpalini",,"Stenolophus","Stenolophus","ochropezus",""
"Stenolophus plebejus",,,,,"Lindroth 1969",,,,"species","Animalia","Arthropoda","Insecta","Coleoptera","Carabidae","Harpalinae","Harpalini",,"Stenolophus","Stenolophus","plebejus",""
"Stenomorphus californicus rufipes",,,,,"Ball et al. 1991",,,,"subspecies","Animalia","Arthropoda","Insecta","Coleoptera","Carabidae","Harpalinae","Harpalini",,"Stenomorphus","","californicus","rufipes"
"Syntomus americanus",,,,,"Lindroth 1969",,,,"species","Animalia","Arthropoda","Insecta","Coleoptera","Carabidae","Harpalinae","Lebiini",,"Syntomus","","americanus",""
"Synuchus impunctatus",,,,,"Lindroth 1969",,,,"species","Animalia","Arthropoda","Insecta","Coleoptera","Carabidae","Harpalinae","Sphodrini",,"Synuchus","","impunctatus",""
"Tachys columbiensis",,,,,"Other",,,,"species","Animalia","Arthropoda","Insecta","Coleoptera","Carabidae","Trechinae","Bembidiini",,"Tachys","Paratachys","columbiensis",""
"Tachys oblitus",,,,,"Lindroth 1969",,,,"species","Animalia","Arthropoda","Insecta","Coleoptera","Carabidae","Trechinae","Bembidiini",,"Tachys","Paratachys","oblitus",""
"Tachys potomaca",,,,,"Erwin 1981",,,,"species","Animalia","Arthropoda","Insecta","Coleoptera","Carabidae","Trechinae","Bembidiini",,"Tachys","Paratachys","potomaca",""
"Tachys pumilus",,,,,"Erwin 1981",,,,"species","Animalia","Arthropoda","Insecta","Coleoptera","Carabidae","Trechinae","Bembidiini",,"Tachys","Paratachys","pumilus",""
"Tetracha carolina carolina",,,,"macropterous","Pearson et al 2006",,"Larochelle and Lariviere 2001",,"subspecies","Animalia","Arthropoda","Insecta","Coleoptera","Carabidae","Cicindelinae","Megacephalini",,"Tetracha","Tetracha","carolina","carolina"
"Tetracha virginica",,,,"macropterous","Pearson et al 2006",,"Larochelle and Lariviere 2001",,"species","Animalia","Arthropoda","Insecta","Coleoptera","Carabidae","Cicindelinae","Megacephalini",,"Tetracha","Tetracha","virginica",""
"Tetragonoderus intersectus",,,,,"Lindroth 1969",,,,"species","Animalia","Arthropoda","Insecta","Coleoptera","Carabidae","Harpalinae","Cyclosomini",,"Tetragonoderus","Crossonychus","intersectus",""
"Tetragonoderus laevigatus",,,,,"Shpeley and Ball 2008",,,,"species","Animalia","Arthropoda","Insecta","Coleoptera","Carabidae","Harpalinae","Cyclosomini",,"Tetragonoderus","Crossonychus","laevigatus",""
"Tetragonoderus pallidus",,,,,"Lindroth 1969",,,,"species","Animalia","Arthropoda","Insecta","Coleoptera","Carabidae","Harpalinae","Cyclosomini",,"Tetragonoderus","Crossonychus","pallidus",""
"Trechus apicalis",,,,,"Lindroth 1969",,,,"species","Animalia","Arthropoda","Insecta","Coleoptera","Carabidae","Trechinae","Trechini",,"Trechus","Trechus","apicalis",""
"Trechus obtusus",,,,,"Lindroth 1969",,,,"species","Animalia","Arthropoda","Insecta","Coleoptera","Carabidae","Trechinae","Trechini",,"Trechus","Trechus","obtusus",""
"Trechus quadristriatus",,,,,"Bousquet 2010b",,,,"species","Animalia","Arthropoda","Insecta","Coleoptera","Carabidae","Trechinae","Trechini",,"Trechus","Trechus","quadristriatus",""
"Trichotichnus autumnalis",,,,,"Lindroth 1969",,,,"species","Animalia","Arthropoda","Insecta","Coleoptera","Carabidae","Harpalinae","Harpalini",,"Trichotichnus","Iridessus","autumnalis",""
"Trichotichnus dichrous",,,,,"Lindroth 1969",,,,"species","Animalia","Arthropoda","Insecta","Coleoptera","Carabidae","Harpalinae","Harpalini",,"Trichotichnus","Trichotichnus","dichrous",""
"Trichotichnus fulgens",,,,,"Lindroth 1969",,,,"species","Animalia","Arthropoda","Insecta","Coleoptera","Carabidae","Harpalinae","Harpalini",,"Trichotichnus","Iridessus","fulgens",""
"Trichotichnus vulpeculus",,,,,"Lindroth 1969",,,,"species","Animalia","Arthropoda","Insecta","Coleoptera","Carabidae","Harpalinae","Harpalini",,"Trichotichnus","Trichotichnus","vulpeculus",""
"Zuphium americanum",,,,,"Mateu 1981",,,,"species","Animalia","Arthropoda","Insecta","Coleoptera","Carabidae","Harpalinae","Zuphiini",,"Zuphium","","americanum",""
